,cell_type,level,niche,npos,ncont,pval,effect,dge
0,Cytotoxic T cells,global,,6011,0,2.6600626355681975e-219,0.155107268751091,
1,Cytotoxic T cells,niche,Macrophage islands,456,5555,2.620402889926316e-29,0.16180003745800292,"[{'names': 'HLA.DRB1', 'logfoldchanges': 1.5368003845214844, 'pvals_adj': 2.0784099865304827e-11}, {'names': 'HLA.DQA1', 'logfoldchanges': 1.5339598655700684, 'pvals_adj': 5.1908372805383384e-11}, {'names': 'HLA.DPA1', 'logfoldchanges': 1.454013705253601, 'pvals_adj': 1.4231085843059878e-10}, {'names': 'HLA.DRA', 'logfoldchanges': 1.449442982673645, 'pvals_adj': 3.6817657174206707e-10}, {'names': 'HLA.DRB5', 'logfoldchanges': 1.55717933177948, 'pvals_adj': 8.141190736421981e-09}]"
2,Cytotoxic T cells,niche,Smooth muscle structures,162,5849,6.576139281002947e-07,0.08728326198974701,"[{'names': 'MZT2A', 'logfoldchanges': 0.2421269714832306, 'pvals_adj': 0.5133330744525433}, {'names': 'MGP', 'logfoldchanges': 1.2567780017852783, 'pvals_adj': 0.628884164605353}, {'names': 'TIMP1', 'logfoldchanges': 0.44195041060447693, 'pvals_adj': 0.9982750364560807}, {'names': 'CLU', 'logfoldchanges': 1.428339958190918, 'pvals_adj': 0.9982750364560807}, {'names': 'IFITM3', 'logfoldchanges': 0.5183021426200867, 'pvals_adj': 0.9982750364560807}]"
3,Cytotoxic T cells,niche,Tumor surface,537,5474,9.751068665022944e-68,0.23771587807960695,"[{'names': 'S100A6', 'logfoldchanges': 1.6288573741912842, 'pvals_adj': 1.7020960386335347e-22}, {'names': 'S100A10', 'logfoldchanges': 1.6772676706314087, 'pvals_adj': 7.927462532766167e-11}, {'names': 'HSPB1', 'logfoldchanges': 1.4039796590805054, 'pvals_adj': 2.8103388687950764e-10}, {'names': 'HSP90AB1', 'logfoldchanges': 1.3742144107818604, 'pvals_adj': 3.535495898488231e-10}, {'names': 'SERPINA1', 'logfoldchanges': 1.7050635814666748, 'pvals_adj': 1.7168361422995103e-08}]"
4,Cytotoxic T cells,niche,Excluded,303,5708,2.682919659400036e-09,0.0985959969938469,"[{'names': 'MALAT1', 'logfoldchanges': -0.3048754930496216, 'pvals_adj': 0.7856027788912147}, {'names': 'CTSG', 'logfoldchanges': 0.6801577210426331, 'pvals_adj': 0.999918683410416}, {'names': 'SLC40A1', 'logfoldchanges': 0.6281745433807373, 'pvals_adj': 0.999918683410416}, {'names': 'WNT5B', 'logfoldchanges': 0.8601944446563721, 'pvals_adj': 0.999918683410416}, {'names': 'CLEC2D', 'logfoldchanges': 0.3224988281726837, 'pvals_adj': 0.999918683410416}]"
5,Cytotoxic T cells,niche,Vascular stroma,567,5444,9.6314621846736e-09,0.09611880856035887,"[{'names': 'IGFBP7', 'logfoldchanges': 0.5048077702522278, 'pvals_adj': 0.37798094863610093}, {'names': 'MGP', 'logfoldchanges': 0.627971887588501, 'pvals_adj': 0.7935783425047301}, {'names': 'GNLY', 'logfoldchanges': 0.611530601978302, 'pvals_adj': 0.999509301802348}, {'names': 'COL4A1', 'logfoldchanges': 0.9536641836166382, 'pvals_adj': 0.999509301802348}, {'names': 'BGN', 'logfoldchanges': 0.2678494155406952, 'pvals_adj': 0.999509301802348}]"
6,Cytotoxic T cells,niche,T cell aggregates,1849,4162,9.261519114458168e-74,0.24741736341212614,"[{'names': 'CXCL9', 'logfoldchanges': 2.8448290824890137, 'pvals_adj': 1.33427278076121e-61}, {'names': 'CCL19', 'logfoldchanges': 3.2794783115386963, 'pvals_adj': 7.932709887868118e-60}, {'names': 'CD74', 'logfoldchanges': 1.5922549962997437, 'pvals_adj': 2.0191231637561903e-48}, {'names': 'HLA.DPA1', 'logfoldchanges': 1.2862279415130615, 'pvals_adj': 3.7549862892485066e-24}, {'names': 'HLA.DRA', 'logfoldchanges': 1.1069684028625488, 'pvals_adj': 8.886699539550314e-17}]"
7,Cytotoxic T cells,niche,Desmoplastic stroma,1702,4309,2.7353648274457364e-54,0.21439958423564665,"[{'names': 'COL1A1', 'logfoldchanges': 1.2319029569625854, 'pvals_adj': 3.277252484132554e-30}, {'names': 'COL3A1', 'logfoldchanges': 1.3539410829544067, 'pvals_adj': 1.2038630351690923e-23}, {'names': 'COL1A2', 'logfoldchanges': 1.1353024244308472, 'pvals_adj': 2.1275478683974779e-16}, {'names': 'LUM', 'logfoldchanges': 1.1402925252914429, 'pvals_adj': 7.11814867992834e-12}, {'names': 'BGN', 'logfoldchanges': 0.9134277105331421, 'pvals_adj': 6.249984772652546e-11}]"
8,Cytotoxic T cells,niche,Tumor core,46,5965,1.5745658564460905e-30,0.16479382984037658,"[{'names': 'S100A6', 'logfoldchanges': 2.113767385482788, 'pvals_adj': 0.02452605183125991}, {'names': 'HSP90AB1', 'logfoldchanges': 2.256584405899048, 'pvals_adj': 0.06950169769759919}, {'names': 'EPCAM', 'logfoldchanges': 3.5996809005737305, 'pvals_adj': 0.15170091922616474}, {'names': 'VEGFA', 'logfoldchanges': 3.471667766571045, 'pvals_adj': 0.15170091922616474}, {'names': 'HSPA1A', 'logfoldchanges': 2.400406837463379, 'pvals_adj': 0.15170091922616474}]"
9,Cytotoxic T cells,niche,Alveolar spaces,225,5786,8.352069684072387e-09,0.09639902149001572,"[{'names': 'CAV1', 'logfoldchanges': 1.6322680711746216, 'pvals_adj': 0.41997541950877454}, {'names': 'IGFBP7', 'logfoldchanges': 0.8066301345825195, 'pvals_adj': 0.4323422676559316}, {'names': 'GPX3', 'logfoldchanges': 1.8056389093399048, 'pvals_adj': 0.46647978066586127}, {'names': 'MZT2A', 'logfoldchanges': -0.1458427757024765, 'pvals_adj': 0.9998750314547122}, {'names': 'SELENOP', 'logfoldchanges': 1.2779276371002197, 'pvals_adj': 0.9998750314547122}]"
10,Cytotoxic T cells,niche,Airways,164,5847,0.0007572183505965249,0.06897587166110676,"[{'names': 'PTGDS', 'logfoldchanges': 1.550142765045166, 'pvals_adj': 0.03902270850085108}, {'names': 'SCGB3A1', 'logfoldchanges': 3.2501015663146973, 'pvals_adj': 0.08166076740514203}, {'names': 'MGP', 'logfoldchanges': 1.416002631187439, 'pvals_adj': 0.19480839340685255}, {'names': 'HLA.DQB1', 'logfoldchanges': 0.747917890548706, 'pvals_adj': 0.8582666679525096}, {'names': 'GSTP1', 'logfoldchanges': 0.92508864402771, 'pvals_adj': 0.9995449671851596}]"
11,Tumor cells,global,,11382,0,0.0,0.15384519446071346,
12,Tumor cells,niche,Tumor surface,5443,5939,1.007195199654679e-31,0.12184460741625064,"[{'names': 'TM4SF1', 'logfoldchanges': 0.584162712097168, 'pvals_adj': 1.7980497358419235e-24}, {'names': 'S100A6', 'logfoldchanges': 0.269686758518219, 'pvals_adj': 7.582846721021785e-19}, {'names': 'KRT7', 'logfoldchanges': 0.4829521179199219, 'pvals_adj': 9.614621025220295e-18}, {'names': 'CXCL14', 'logfoldchanges': 0.5553709864616394, 'pvals_adj': 1.6311850706798312e-14}, {'names': 'CCND1', 'logfoldchanges': 0.39114755392074585, 'pvals_adj': 3.6149501664879724e-14}]"
13,Tumor cells,niche,Tumor core,3596,7786,2.2187103666812246e-147,0.2500393535510765,"[{'names': 'MET', 'logfoldchanges': 1.1144442558288574, 'pvals_adj': 2.7077431790132657e-106}, {'names': 'EPCAM', 'logfoldchanges': 1.0585527420043945, 'pvals_adj': 5.447010383259564e-94}, {'names': 'EFNA1', 'logfoldchanges': 0.9513621926307678, 'pvals_adj': 2.43184208462401e-68}, {'names': 'SLC40A1', 'logfoldchanges': 1.1762762069702148, 'pvals_adj': 4.330529253922338e-63}, {'names': 'TPM2', 'logfoldchanges': 0.9244585037231445, 'pvals_adj': 3.486262396144536e-61}]"
14,Tumor cells,niche,Excluded,379,11003,3.259572034482645e-06,0.06075983393299828,"[{'names': 'LCN2', 'logfoldchanges': 1.0599737167358398, 'pvals_adj': 4.522299937137412e-05}, {'names': 'HSP90AA1', 'logfoldchanges': 0.28363966941833496, 'pvals_adj': 0.0004117017385663093}, {'names': 'KDR', 'logfoldchanges': 1.151139497756958, 'pvals_adj': 0.0007140181495016734}, {'names': 'APP', 'logfoldchanges': 0.2575232684612274, 'pvals_adj': 0.005617968758204175}, {'names': 'SERPINA1', 'logfoldchanges': 0.10970014333724976, 'pvals_adj': 0.008882803444247349}]"
15,Tumor cells,niche,Smooth muscle structures,18,11364,0.0003421955853749613,0.0518779114935437,"[{'names': 'PDGFC', 'logfoldchanges': 1.484590768814087, 'pvals_adj': 0.5512384853168698}, {'names': 'LUM', 'logfoldchanges': 2.388505220413208, 'pvals_adj': 0.5719733591232249}, {'names': 'IGFBP7', 'logfoldchanges': 2.0133869647979736, 'pvals_adj': 0.7213454820447212}, {'names': 'AZU1', 'logfoldchanges': 0.8888534307479858, 'pvals_adj': 0.7221434049428593}, {'names': 'ITGA5', 'logfoldchanges': 1.8170095682144165, 'pvals_adj': 0.7319046078542204}]"
16,Tumor cells,niche,Desmoplastic stroma,865,10517,8.75358579208443e-250,0.3229028952382215,"[{'names': 'COL3A1', 'logfoldchanges': 2.2951509952545166, 'pvals_adj': 2.912730700388995e-51}, {'names': 'LUM', 'logfoldchanges': 2.7161717414855957, 'pvals_adj': 2.0761828102577335e-47}, {'names': 'CAV1', 'logfoldchanges': 1.2166223526000977, 'pvals_adj': 5.098946023649492e-35}, {'names': 'GAS6', 'logfoldchanges': 1.6062452793121338, 'pvals_adj': 1.315387160755463e-33}, {'names': 'COL1A2', 'logfoldchanges': 1.8665066957473755, 'pvals_adj': 4.496538794599515e-27}]"
17,Tumor cells,niche,Macrophage islands,578,10804,1.9246821717688533e-17,0.09352963824206384,"[{'names': 'LYZ', 'logfoldchanges': 1.6411991119384766, 'pvals_adj': 5.86159866210059e-17}, {'names': 'CD68', 'logfoldchanges': 1.001449465751648, 'pvals_adj': 8.695053831775743e-11}, {'names': 'C1QC', 'logfoldchanges': 1.1529059410095215, 'pvals_adj': 9.837286078256574e-09}, {'names': 'C1QA', 'logfoldchanges': 0.9328700304031372, 'pvals_adj': 5.294099754194892e-06}, {'names': 'C1QB', 'logfoldchanges': 0.8887497186660767, 'pvals_adj': 0.00018638505383927702}]"
18,Tumor cells,niche,Vascular stroma,227,11155,1.1637329543159032e-38,0.1332741646188754,"[{'names': 'KRT19', 'logfoldchanges': 0.0812344029545784, 'pvals_adj': 7.492770186256979e-07}, {'names': 'BGN', 'logfoldchanges': 1.527986764907837, 'pvals_adj': 9.978071930998967e-07}, {'names': 'COL3A1', 'logfoldchanges': 1.6109260320663452, 'pvals_adj': 1.04814256476331e-06}, {'names': 'COL6A2', 'logfoldchanges': 0.37855443358421326, 'pvals_adj': 2.226062596015504e-06}, {'names': 'COL1A2', 'logfoldchanges': 1.3333896398544312, 'pvals_adj': 0.0001943011927701342}]"
19,Tumor cells,niche,T cell aggregates,117,11265,2.509623708592831e-09,0.07174367433103594,"[{'names': 'CD74', 'logfoldchanges': 0.706779956817627, 'pvals_adj': 1.646151595419666e-07}, {'names': 'HLA.DPA1', 'logfoldchanges': 0.9726679921150208, 'pvals_adj': 1.7023046471640165e-06}, {'names': 'IL32', 'logfoldchanges': 1.0209113359451294, 'pvals_adj': 2.41723528392751e-06}, {'names': 'CXCL9', 'logfoldchanges': 2.4602789878845215, 'pvals_adj': 7.5939513378474756e-06}, {'names': 'SOD2', 'logfoldchanges': 1.4885464906692505, 'pvals_adj': 1.8206883979691965e-05}]"
20,Tumor cells,niche,Alveolar spaces,137,11245,1.8265916047957848e-11,0.07819616218395553,"[{'names': 'KRT7', 'logfoldchanges': 1.5060046911239624, 'pvals_adj': 8.39090257913169e-14}, {'names': 'S100A6', 'logfoldchanges': -0.0013317795237526298, 'pvals_adj': 7.042205708860712e-06}, {'names': 'COTL1', 'logfoldchanges': 1.4992440938949585, 'pvals_adj': 4.8771902429282964e-05}, {'names': 'SOX9', 'logfoldchanges': 1.2487845420837402, 'pvals_adj': 0.00016491149634416654}, {'names': 'IL18', 'logfoldchanges': 1.19696843624115, 'pvals_adj': 0.0010137647415495161}]"
21,Tumor cells,niche,Airways,22,11360,1.8454436583686586e-51,0.15199015025133386,"[{'names': 'SCGB3A1', 'logfoldchanges': 5.604097366333008, 'pvals_adj': 0.008978418281045317}, {'names': 'TSLP', 'logfoldchanges': 1.7454921007156372, 'pvals_adj': 0.7328361667810862}, {'names': 'PTGDS', 'logfoldchanges': 1.1791656017303467, 'pvals_adj': 0.7441430659784961}, {'names': 'MMP2', 'logfoldchanges': 1.035853624343872, 'pvals_adj': 0.8295715952023046}, {'names': 'IL17A', 'logfoldchanges': 1.2835774421691895, 'pvals_adj': 0.8516456135871054}]"
22,Respiratory epithelium,global,,2255,0,1.285240569893869e-38,0.13983332357427883,
23,Respiratory epithelium,niche,Tumor surface,10,2245,1.340125006995112e-07,0.14815235598593826,"[{'names': 'COL1A1', 'logfoldchanges': 3.016026496887207, 'pvals_adj': 0.9649795399993495}, {'names': 'SOX4', 'logfoldchanges': 2.6716127395629883, 'pvals_adj': 0.9649795399993495}, {'names': 'ACKR3', 'logfoldchanges': 3.755674123764038, 'pvals_adj': 0.9649795399993495}, {'names': 'CD209', 'logfoldchanges': 3.1855032444000244, 'pvals_adj': 0.9649795399993495}, {'names': 'SERPINA1', 'logfoldchanges': 2.4457011222839355, 'pvals_adj': 0.9649795399993495}]"
24,Respiratory epithelium,niche,T cell aggregates,10,2245,0.07067980244248044,0.08376559688702724,"[{'names': 'PDGFA', 'logfoldchanges': 3.324991226196289, 'pvals_adj': 0.9772403659736124}, {'names': 'VIM', 'logfoldchanges': 2.5321576595306396, 'pvals_adj': 0.9772403659736124}, {'names': 'CD53', 'logfoldchanges': 3.8974504470825195, 'pvals_adj': 0.9772403659736124}, {'names': 'CD276', 'logfoldchanges': 3.1277575492858887, 'pvals_adj': 0.9772403659736124}, {'names': 'CAV1', 'logfoldchanges': 3.092581033706665, 'pvals_adj': 0.9772403659736124}]"
25,Respiratory epithelium,niche,Smooth muscle structures,8,2247,0.0015111040472752055,0.10901078805806616,"[{'names': 'OXER1', 'logfoldchanges': 5.476604461669922, 'pvals_adj': 0.9655178965415312}, {'names': 'CXCL2', 'logfoldchanges': 2.9535515308380127, 'pvals_adj': 0.9655178965415312}, {'names': 'KRT23', 'logfoldchanges': 3.2700002193450928, 'pvals_adj': 0.9655178965415312}, {'names': 'SAA2', 'logfoldchanges': 2.4620397090911865, 'pvals_adj': 0.9655178965415312}, {'names': 'MMP1', 'logfoldchanges': 3.5443453788757324, 'pvals_adj': 0.9655178965415312}]"
26,Respiratory epithelium,niche,Vascular stroma,4,2251,1.9583932574052936e-08,0.1546272984653847,"[{'names': 'COL9A3', 'logfoldchanges': 6.845491886138916, 'pvals_adj': 0.9387387375480432}, {'names': 'FCGR3A', 'logfoldchanges': 5.486201763153076, 'pvals_adj': 0.9387387375480432}, {'names': 'ITGB2', 'logfoldchanges': 4.610146999359131, 'pvals_adj': 0.9387387375480432}, {'names': 'RARB', 'logfoldchanges': 5.051443576812744, 'pvals_adj': 0.9387387375480432}, {'names': 'BMPR1A', 'logfoldchanges': 4.61603307723999, 'pvals_adj': 0.9387387375480432}]"
27,Respiratory epithelium,niche,Airways,2187,68,8.269293691697756e-55,0.35159615544639167,"[{'names': 'SCGB3A1', 'logfoldchanges': 5.841310977935791, 'pvals_adj': 9.378137496452498e-19}, {'names': 'SLPI', 'logfoldchanges': 4.501141548156738, 'pvals_adj': 2.116319515090629e-13}, {'names': 'PIGR', 'logfoldchanges': 3.988237142562866, 'pvals_adj': 1.0699558806768408e-10}, {'names': 'TUBB4B', 'logfoldchanges': 3.3650686740875244, 'pvals_adj': 1.0838045758912805e-08}, {'names': 'EZR', 'logfoldchanges': 3.2497973442077637, 'pvals_adj': 3.980805610667485e-07}]"
28,Respiratory epithelium,niche,Excluded,12,2243,0.0008054963122689315,0.1123000921235195,"[{'names': 'B2M', 'logfoldchanges': 1.0714892148971558, 'pvals_adj': 0.9949440980439616}, {'names': 'CD47', 'logfoldchanges': 2.6140940189361572, 'pvals_adj': 0.9949440980439616}, {'names': 'LGALS3', 'logfoldchanges': 1.2094953060150146, 'pvals_adj': 0.9949440980439616}, {'names': 'B3GNT7', 'logfoldchanges': 1.8244373798370361, 'pvals_adj': 0.9949440980439616}, {'names': 'JAK2', 'logfoldchanges': 2.386889696121216, 'pvals_adj': 0.9949440980439616}]"
29,Respiratory epithelium,niche,Alveolar spaces,15,2240,4.893944009783187e-12,0.1793181137970348,"[{'names': 'CAV1', 'logfoldchanges': 4.536721706390381, 'pvals_adj': 0.5085761990104819}, {'names': 'IL32', 'logfoldchanges': 3.9931209087371826, 'pvals_adj': 0.509899372224929}, {'names': 'SQSTM1', 'logfoldchanges': 1.3270821571350098, 'pvals_adj': 0.9982477683351929}, {'names': 'MYL9', 'logfoldchanges': 2.807508707046509, 'pvals_adj': 0.9982477683351929}, {'names': 'FN1', 'logfoldchanges': 2.542318105697632, 'pvals_adj': 0.9982477683351929}]"
30,Respiratory epithelium,niche,Tumor core,4,2251,0.00026803540147524624,0.11772280200405635,"[{'names': 'HSPB1', 'logfoldchanges': 3.4820497035980225, 'pvals_adj': 0.9387387375480432}, {'names': 'IGFBP3', 'logfoldchanges': 5.186872959136963, 'pvals_adj': 0.9387387375480432}, {'names': 'RGS1', 'logfoldchanges': 4.613028526306152, 'pvals_adj': 0.9387387375480432}, {'names': 'S100A10', 'logfoldchanges': 3.698068857192993, 'pvals_adj': 0.9387387375480432}, {'names': 'SFN', 'logfoldchanges': 3.3135035037994385, 'pvals_adj': 0.9387387375480432}]"
31,Respiratory epithelium,niche,Desmoplastic stroma,5,2250,4.858428413528591e-11,0.1729169884663878,"[{'names': 'IL12B', 'logfoldchanges': 5.621521472930908, 'pvals_adj': 0.9296477773432584}, {'names': 'ST6GALNAC3', 'logfoldchanges': 5.753992080688477, 'pvals_adj': 0.9296477773432584}, {'names': 'FN1', 'logfoldchanges': 4.75396203994751, 'pvals_adj': 0.9296477773432584}, {'names': 'IL32', 'logfoldchanges': 4.547966957092285, 'pvals_adj': 0.9296477773432584}, {'names': 'CCL7', 'logfoldchanges': 4.872488975524902, 'pvals_adj': 0.9296477773432584}]"
32,Macrophages,global,,9390,0,0.0,0.19478127624038147,
33,Macrophages,niche,Desmoplastic stroma,1705,7685,3.6366209743644155e-118,0.24758267061303593,"[{'names': 'COL1A1', 'logfoldchanges': 1.4713358879089355, 'pvals_adj': 1.7421977284480621e-40}, {'names': 'COL3A1', 'logfoldchanges': 1.5078210830688477, 'pvals_adj': 3.6750027672340454e-27}, {'names': 'BGN', 'logfoldchanges': 1.261260747909546, 'pvals_adj': 9.814947203331217e-19}, {'names': 'COL1A2', 'logfoldchanges': 1.151461124420166, 'pvals_adj': 1.5241418289225472e-13}, {'names': 'IGKC', 'logfoldchanges': 1.3384817838668823, 'pvals_adj': 1.2564365976661623e-12}]"
34,Macrophages,niche,Tumor surface,1804,7586,8.024300225954936e-127,0.2561109835774906,"[{'names': 'S100A6', 'logfoldchanges': 1.9066030979156494, 'pvals_adj': 3.2846526621959087e-103}, {'names': 'S100A10', 'logfoldchanges': 1.7875885963439941, 'pvals_adj': 1.655743015915341e-61}, {'names': 'SERPINA1', 'logfoldchanges': 1.4632593393325806, 'pvals_adj': 1.6765668292808932e-45}, {'names': 'HSPB1', 'logfoldchanges': 1.4294477701187134, 'pvals_adj': 5.07979090293364e-43}, {'names': 'OLR1', 'logfoldchanges': 1.4954659938812256, 'pvals_adj': 1.289705495441639e-42}]"
35,Macrophages,niche,Tumor core,380,9010,3.4392216183733565e-120,0.24960371013735289,"[{'names': 'S100A6', 'logfoldchanges': 2.7293012142181396, 'pvals_adj': 6.428291216486033e-56}, {'names': 'HSP90AB1', 'logfoldchanges': 2.4236109256744385, 'pvals_adj': 1.0560538443683154e-35}, {'names': 'S100A10', 'logfoldchanges': 2.271663188934326, 'pvals_adj': 2.305729143822444e-28}, {'names': 'HSPB1', 'logfoldchanges': 2.209768772125244, 'pvals_adj': 2.305729143822444e-28}, {'names': 'HSP90AA1', 'logfoldchanges': 2.2821288108825684, 'pvals_adj': 3.0299821394233492e-27}]"
36,Macrophages,niche,Smooth muscle structures,165,9225,9.760782473091327e-26,0.12215515070124626,"[{'names': 'MZT2A', 'logfoldchanges': 0.11169294267892838, 'pvals_adj': 0.015405771692957166}, {'names': 'CCL2', 'logfoldchanges': 1.429961919784546, 'pvals_adj': 0.07850872596543607}, {'names': 'CCL13', 'logfoldchanges': 1.7561880350112915, 'pvals_adj': 0.11371319590723815}, {'names': 'SELENOP', 'logfoldchanges': 1.2681702375411987, 'pvals_adj': 0.2638660095179008}, {'names': 'MGP', 'logfoldchanges': 1.238221526145935, 'pvals_adj': 0.31240430911801853}]"
37,Macrophages,niche,Vascular stroma,786,8604,8.926001410800053e-53,0.16930476042252154,"[{'names': 'BGN', 'logfoldchanges': 1.0794577598571777, 'pvals_adj': 1.967377578734108e-07}, {'names': 'CD14', 'logfoldchanges': 0.7999937534332275, 'pvals_adj': 6.09712083646312e-07}, {'names': 'IGFBP7', 'logfoldchanges': 1.042867660522461, 'pvals_adj': 6.265649156731578e-06}, {'names': 'COL1A1', 'logfoldchanges': 0.7045895457267761, 'pvals_adj': 2.2254744387004576e-05}, {'names': 'COL3A1', 'logfoldchanges': 0.8876691460609436, 'pvals_adj': 8.219011888300969e-05}]"
38,Macrophages,niche,Excluded,451,8939,2.967396449072002e-13,0.09153201538858122,"[{'names': 'CD74', 'logfoldchanges': 0.25129079818725586, 'pvals_adj': 1.7712968880264677e-12}, {'names': 'HLA.DQA1', 'logfoldchanges': -0.18203496932983398, 'pvals_adj': 0.1619469772498537}, {'names': 'HLA.DRB1', 'logfoldchanges': -0.06628948450088501, 'pvals_adj': 0.16619439038905848}, {'names': 'HLA.DQB1', 'logfoldchanges': -0.12108797580003738, 'pvals_adj': 0.2771819701735966}, {'names': 'MALAT1', 'logfoldchanges': -0.18811888992786407, 'pvals_adj': 0.5290832890055951}]"
39,Macrophages,niche,Macrophage islands,2501,6889,1.1778421789857566e-196,0.31647452666723397,"[{'names': 'CD68', 'logfoldchanges': 1.3415499925613403, 'pvals_adj': 6.596473743114647e-78}, {'names': 'GPNMB', 'logfoldchanges': 1.728369116783142, 'pvals_adj': 2.9992938858675596e-71}, {'names': 'SPP1', 'logfoldchanges': 2.1549341678619385, 'pvals_adj': 6.6637809381732785e-71}, {'names': 'VIM', 'logfoldchanges': 1.1876391172409058, 'pvals_adj': 4.401173100875477e-53}, {'names': 'LYZ', 'logfoldchanges': 1.2570773363113403, 'pvals_adj': 1.6458259612922486e-48}]"
40,Macrophages,niche,T cell aggregates,900,8490,5.0959932201399834e-73,0.19701960719412592,"[{'names': 'CXCL9', 'logfoldchanges': 2.606764316558838, 'pvals_adj': 4.469090471861579e-46}, {'names': 'CCL19', 'logfoldchanges': 2.9687397480010986, 'pvals_adj': 3.0930786957323228e-21}, {'names': 'CXCL10', 'logfoldchanges': 2.0583300590515137, 'pvals_adj': 6.532915333929279e-17}, {'names': 'HLA.DPB1', 'logfoldchanges': 0.6729293465614319, 'pvals_adj': 1.468568263895527e-12}, {'names': 'STAT1', 'logfoldchanges': 0.9642804265022278, 'pvals_adj': 4.192673156961251e-12}]"
41,Macrophages,niche,Airways,310,9080,1.7464131145623874e-34,0.13930258322500402,"[{'names': 'PTGDS', 'logfoldchanges': 2.339785099029541, 'pvals_adj': 1.6014196357490393e-09}, {'names': 'MGP', 'logfoldchanges': 1.9386601448059082, 'pvals_adj': 1.747597299716584e-05}, {'names': 'HLA.DPA1', 'logfoldchanges': 0.24815745651721954, 'pvals_adj': 0.0009476195838926507}, {'names': 'S100B', 'logfoldchanges': 1.9114859104156494, 'pvals_adj': 0.0013506388312516022}, {'names': 'HLA.DPB1', 'logfoldchanges': 0.18171986937522888, 'pvals_adj': 0.0016778391783504305}]"
42,Macrophages,niche,Alveolar spaces,388,9002,0.007942295522029266,0.048745234258853756,"[{'names': 'HLA.DPA1', 'logfoldchanges': 0.4532313346862793, 'pvals_adj': 3.987010423398352e-06}, {'names': 'HLA.DQB1', 'logfoldchanges': 0.38100531697273254, 'pvals_adj': 6.490147240653465e-06}, {'names': 'HLA.DRB5', 'logfoldchanges': 0.5873203873634338, 'pvals_adj': 0.0018528831396155767}, {'names': 'C1QA', 'logfoldchanges': 0.43329253792762756, 'pvals_adj': 0.0030595962954488632}, {'names': 'CCL18', 'logfoldchanges': 1.4756757020950317, 'pvals_adj': 0.0049480739083839955}]"
43,Fibroblasts,global,,15309,0,0.0,0.16347703391806917,
44,Fibroblasts,niche,Tumor surface,3147,12162,1.6068035724350232e-274,0.29155345705836366,"[{'names': 'FN1', 'logfoldchanges': 1.7859543561935425, 'pvals_adj': 5.09066159420937e-256}, {'names': 'IGFBP5', 'logfoldchanges': 2.2519290447235107, 'pvals_adj': 8.702497179265713e-96}, {'names': 'COL11A1', 'logfoldchanges': 1.5192896127700806, 'pvals_adj': 2.3866683105872718e-60}, {'names': 'TAGLN', 'logfoldchanges': 1.1578952074050903, 'pvals_adj': 4.72180665855364e-52}, {'names': 'VCAN', 'logfoldchanges': 1.0652616024017334, 'pvals_adj': 1.413561928972032e-47}]"
45,Fibroblasts,niche,Vascular stroma,2179,13130,3.1028829926633774e-41,0.11835013837269502,"[{'names': 'IGFBP7', 'logfoldchanges': 1.0385867357254028, 'pvals_adj': 3.069019200320027e-63}, {'names': 'MGP', 'logfoldchanges': 1.363821268081665, 'pvals_adj': 1.6658495624213748e-47}, {'names': 'TIMP1', 'logfoldchanges': 0.8652443289756775, 'pvals_adj': 3.4479095391486346e-31}, {'names': 'COL6A2', 'logfoldchanges': 0.3989424407482147, 'pvals_adj': 2.796688076076701e-19}, {'names': 'COL6A1', 'logfoldchanges': 0.27113062143325806, 'pvals_adj': 1.8040480843887678e-07}]"
46,Fibroblasts,niche,Smooth muscle structures,282,15027,1.6104810194298547e-57,0.13800294607104957,"[{'names': 'MGP', 'logfoldchanges': 2.218583822250366, 'pvals_adj': 1.402337475254481e-20}, {'names': 'CLU', 'logfoldchanges': 2.179079532623291, 'pvals_adj': 0.00036060787525990387}, {'names': 'CCL2', 'logfoldchanges': 1.314176082611084, 'pvals_adj': 0.018616034728497}, {'names': 'GPNMB', 'logfoldchanges': 1.2950326204299927, 'pvals_adj': 0.031073079506680385}, {'names': 'GPX3', 'logfoldchanges': 1.340468168258667, 'pvals_adj': 0.08280275121237052}]"
47,Fibroblasts,niche,Excluded,525,14784,8.253561299959159e-13,0.07065637042102527,"[{'names': 'IGFBP7', 'logfoldchanges': 0.6958563327789307, 'pvals_adj': 1.8131301376261503e-08}, {'names': 'MALAT1', 'logfoldchanges': -0.2936342656612396, 'pvals_adj': 0.9997835133004978}, {'names': 'COL6A2', 'logfoldchanges': -0.059478193521499634, 'pvals_adj': 0.9997835133004978}, {'names': 'NFKBIA', 'logfoldchanges': 0.4770137369632721, 'pvals_adj': 0.9997835133004978}, {'names': 'LIF', 'logfoldchanges': 0.3630785346031189, 'pvals_adj': 0.9997835133004978}]"
48,Fibroblasts,niche,Desmoplastic stroma,5856,9453,9.0767143119016e-150,0.217273681971615,"[{'names': 'LUM', 'logfoldchanges': 1.0029616355895996, 'pvals_adj': 6.045498427713447e-95}, {'names': 'COL1A1', 'logfoldchanges': 0.5529489517211914, 'pvals_adj': 3.368450655217533e-76}, {'names': 'PTGDS', 'logfoldchanges': 1.2386326789855957, 'pvals_adj': 4.1674236786638027e-66}, {'names': 'COL1A2', 'logfoldchanges': 0.5429961085319519, 'pvals_adj': 1.6505667991610307e-58}, {'names': 'COL3A1', 'logfoldchanges': 0.5982969403266907, 'pvals_adj': 2.555091727150728e-58}]"
49,Fibroblasts,niche,T cell aggregates,1001,14308,1.099934483977782e-153,0.21999399787313306,"[{'names': 'CD74', 'logfoldchanges': 2.7643206119537354, 'pvals_adj': 8.945081842810091e-92}, {'names': 'HLA.C', 'logfoldchanges': 1.525733470916748, 'pvals_adj': 1.180607745353337e-48}, {'names': 'CCL19', 'logfoldchanges': 3.7378947734832764, 'pvals_adj': 1.3610373455631634e-48}, {'names': 'HLA.A', 'logfoldchanges': 1.3834484815597534, 'pvals_adj': 2.8074472000675006e-48}, {'names': 'CXCL9', 'logfoldchanges': 3.2130444049835205, 'pvals_adj': 6.553077337309118e-47}]"
50,Fibroblasts,niche,Macrophage islands,1047,14262,1.9544613115265878e-47,0.12621548025150722,"[{'names': 'CD74', 'logfoldchanges': 1.3163262605667114, 'pvals_adj': 1.667803382688345e-19}, {'names': 'HLA.DRB1', 'logfoldchanges': 1.4563361406326294, 'pvals_adj': 1.494380270026489e-18}, {'names': 'HLA.DRA', 'logfoldchanges': 1.4185593128204346, 'pvals_adj': 5.104432006302135e-15}, {'names': 'HLA.DQB1', 'logfoldchanges': 1.3311234712600708, 'pvals_adj': 3.1450609458973403e-14}, {'names': 'HLA.DPA1', 'logfoldchanges': 1.1550146341323853, 'pvals_adj': 9.590679963592542e-11}]"
51,Fibroblasts,niche,Tumor core,494,14815,3.743268555901037e-74,0.15542367546517738,"[{'names': 'FN1', 'logfoldchanges': 2.2383410930633545, 'pvals_adj': 2.570448997060671e-82}, {'names': 'IGFBP5', 'logfoldchanges': 2.939467191696167, 'pvals_adj': 3.775075971042431e-40}, {'names': 'COL6A3', 'logfoldchanges': 1.269087314605713, 'pvals_adj': 2.578984966832512e-24}, {'names': 'LGALS1', 'logfoldchanges': 1.4491022825241089, 'pvals_adj': 6.61075504666498e-19}, {'names': 'VCAN', 'logfoldchanges': 1.2945650815963745, 'pvals_adj': 2.1968710142506207e-15}]"
52,Fibroblasts,niche,Airways,363,14946,3.3854765285124866e-50,0.12955583224082406,"[{'names': 'PTGDS', 'logfoldchanges': 2.7961831092834473, 'pvals_adj': 2.5963976163346483e-45}, {'names': 'MGP', 'logfoldchanges': 2.0746049880981445, 'pvals_adj': 3.645824220133293e-23}, {'names': 'CD74', 'logfoldchanges': 1.3621402978897095, 'pvals_adj': 2.6758275516153726e-08}, {'names': 'CCL2', 'logfoldchanges': 1.5570608377456665, 'pvals_adj': 3.939634384040724e-06}, {'names': 'APOD', 'logfoldchanges': 2.3529179096221924, 'pvals_adj': 4.3317135220847474e-06}]"
53,Fibroblasts,niche,Alveolar spaces,415,14894,2.3709232209410022e-24,0.09334700116659297,"[{'names': 'IGFBP7', 'logfoldchanges': 1.3117841482162476, 'pvals_adj': 2.239304106377721e-27}, {'names': 'MGP', 'logfoldchanges': 1.8938905000686646, 'pvals_adj': 3.531738689287175e-21}, {'names': 'MZT2A', 'logfoldchanges': 0.7684657573699951, 'pvals_adj': 1.9618225860512884e-15}, {'names': 'GPX3', 'logfoldchanges': 2.274486780166626, 'pvals_adj': 2.371382152786057e-09}, {'names': 'CFD', 'logfoldchanges': 2.052431106567383, 'pvals_adj': 1.61349868671963e-06}]"
54,Monocytes,global,,1920,0,2.221409097669395e-44,0.15287355067602704,
55,Monocytes,niche,Desmoplastic stroma,603,1317,5.1986021882085e-09,0.17220352820116605,"[{'names': 'COL1A1', 'logfoldchanges': 1.1631194353103638, 'pvals_adj': 4.928347293749946e-07}, {'names': 'COL3A1', 'logfoldchanges': 1.0014606714248657, 'pvals_adj': 0.0033359695532103975}, {'names': 'LUM', 'logfoldchanges': 0.9892192482948303, 'pvals_adj': 0.0923706677810041}, {'names': 'IGKC', 'logfoldchanges': 1.0175330638885498, 'pvals_adj': 0.0923706677810041}, {'names': 'IGHG1', 'logfoldchanges': 1.0452111959457397, 'pvals_adj': 0.16790545331372855}]"
56,Monocytes,niche,Macrophage islands,216,1704,1.6957714283176753e-09,0.17599444055815033,"[{'names': 'SPP1', 'logfoldchanges': 2.512798547744751, 'pvals_adj': 0.0011076636677433177}, {'names': 'FN1', 'logfoldchanges': 1.2338958978652954, 'pvals_adj': 0.0011246103555959187}, {'names': 'GPNMB', 'logfoldchanges': 1.725195050239563, 'pvals_adj': 0.002978626102157982}, {'names': 'GPX1', 'logfoldchanges': 1.0338983535766602, 'pvals_adj': 0.014723939419770063}, {'names': 'HLA.DRA', 'logfoldchanges': 0.6494714617729187, 'pvals_adj': 0.0166546659921883}]"
57,Monocytes,niche,Excluded,125,1795,0.0007587740888948324,0.12203366838522577,"[{'names': 'CD74', 'logfoldchanges': 0.48300763964653015, 'pvals_adj': 0.0005735357179293897}, {'names': 'LYZ', 'logfoldchanges': 0.3041894733905792, 'pvals_adj': 0.053401939221691445}, {'names': 'VIM', 'logfoldchanges': 0.013717268593609333, 'pvals_adj': 0.9999334344119547}, {'names': 'CLEC12A', 'logfoldchanges': 0.57362300157547, 'pvals_adj': 0.9999334344119547}, {'names': 'HLA.DRB1', 'logfoldchanges': 0.05784526467323303, 'pvals_adj': 0.9999334344119547}]"
58,Monocytes,niche,Vascular stroma,411,1509,8.135025119977238e-09,0.17065854018020019,"[{'names': 'S100A9', 'logfoldchanges': 0.7008142471313477, 'pvals_adj': 0.0010099058769988012}, {'names': 'LYZ', 'logfoldchanges': 0.289618581533432, 'pvals_adj': 0.010688233331240147}, {'names': 'S100A8', 'logfoldchanges': 0.6456941962242126, 'pvals_adj': 0.010688233331240147}, {'names': 'SRGN', 'logfoldchanges': 0.49026286602020264, 'pvals_adj': 0.23595655035882182}, {'names': 'VCAN', 'logfoldchanges': 0.4750034809112549, 'pvals_adj': 0.7312809037137951}]"
59,Monocytes,niche,Smooth muscle structures,77,1843,0.001975826846751459,0.11656696253552201,"[{'names': 'MZT2A', 'logfoldchanges': 0.6879807114601135, 'pvals_adj': 0.09294370622136904}, {'names': 'CCL2', 'logfoldchanges': 1.8826236724853516, 'pvals_adj': 0.4959139932449796}, {'names': 'C11orf96', 'logfoldchanges': 1.920455813407898, 'pvals_adj': 0.5497550849102875}, {'names': 'NEAT1', 'logfoldchanges': 0.7904571890830994, 'pvals_adj': 0.5497550849102875}, {'names': 'TIMP1', 'logfoldchanges': 1.0804426670074463, 'pvals_adj': 0.5497550849102875}]"
60,Monocytes,niche,T cell aggregates,114,1806,0.006266557737841814,0.10937534120079283,"[{'names': 'SOD2', 'logfoldchanges': 1.7686169147491455, 'pvals_adj': 0.02225700976085583}, {'names': 'CXCL10', 'logfoldchanges': 2.7578954696655273, 'pvals_adj': 0.03278997277650488}, {'names': 'MT2A', 'logfoldchanges': 1.3619775772094727, 'pvals_adj': 0.04408089069465011}, {'names': 'CIITA', 'logfoldchanges': 1.0205576419830322, 'pvals_adj': 0.9992356041395617}, {'names': 'MZT2A', 'logfoldchanges': 0.5212929844856262, 'pvals_adj': 0.9992356041395617}]"
61,Monocytes,niche,Tumor surface,222,1698,1.0573638227941988e-25,0.26998089183859963,"[{'names': 'FN1', 'logfoldchanges': 2.348329544067383, 'pvals_adj': 1.0840152733554109e-15}, {'names': 'OLR1', 'logfoldchanges': 2.105214834213257, 'pvals_adj': 8.162229473624488e-10}, {'names': 'S100A10', 'logfoldchanges': 1.7461110353469849, 'pvals_adj': 4.3465626139196036e-07}, {'names': 'S100A6', 'logfoldchanges': 1.3193280696868896, 'pvals_adj': 4.3465626139196036e-07}, {'names': 'HSPB1', 'logfoldchanges': 1.6857770681381226, 'pvals_adj': 1.1951993227046172e-06}]"
62,Monocytes,niche,Tumor core,25,1895,2.529637018343075e-07,0.158150655066458,"[{'names': 'HSP90AB1', 'logfoldchanges': 3.080986976623535, 'pvals_adj': 0.04494727532695218}, {'names': 'HSPB1', 'logfoldchanges': 2.6041905879974365, 'pvals_adj': 0.3355251942353546}, {'names': 'LGALS3', 'logfoldchanges': 2.5847766399383545, 'pvals_adj': 0.5077644049833229}, {'names': 'GPNMB', 'logfoldchanges': 2.7635178565979004, 'pvals_adj': 0.5077644049833229}, {'names': 'FN1', 'logfoldchanges': 2.0251712799072266, 'pvals_adj': 0.9979802393425151}]"
63,Monocytes,niche,Airways,48,1872,0.3010213569529348,0.07445064893042226,"[{'names': 'PTGDS', 'logfoldchanges': 2.7223386764526367, 'pvals_adj': 0.26666285571826465}, {'names': 'MGP', 'logfoldchanges': 2.4576961994171143, 'pvals_adj': 0.26666285571826465}, {'names': 'COL6A2', 'logfoldchanges': 1.9272818565368652, 'pvals_adj': 0.9995792506664678}, {'names': 'MMP2', 'logfoldchanges': 1.8179694414138794, 'pvals_adj': 0.9995792506664678}, {'names': 'GSN', 'logfoldchanges': 1.0690096616744995, 'pvals_adj': 0.9995792506664678}]"
64,Monocytes,niche,Alveolar spaces,79,1841,0.13336431101293494,0.08447460030714891,"[{'names': 'HLA.E', 'logfoldchanges': 0.9218738675117493, 'pvals_adj': 0.9997519622322262}, {'names': 'GPX3', 'logfoldchanges': 1.725727915763855, 'pvals_adj': 0.9997519622322262}, {'names': 'GPX1', 'logfoldchanges': 0.5995335578918457, 'pvals_adj': 0.9997519622322262}, {'names': 'COL4A1', 'logfoldchanges': 2.1521360874176025, 'pvals_adj': 0.9997519622322262}, {'names': 'MGP', 'logfoldchanges': 1.2384697198867798, 'pvals_adj': 0.9997519622322262}]"
65,Cycling immune cells,global,,1068,0,1.711579249109782e-30,0.18307560616295207,
66,Cycling immune cells,niche,Tumor core,29,1039,1.8409153945774084e-10,0.24566571910333035,"[{'names': 'IFI27', 'logfoldchanges': 3.4831693172454834, 'pvals_adj': 0.0057896915370339724}, {'names': 'SPP1', 'logfoldchanges': 3.662020683288574, 'pvals_adj': 0.007086462059445699}, {'names': 'KRT19', 'logfoldchanges': 3.3683478832244873, 'pvals_adj': 0.007086462059445699}, {'names': 'IFNGR2', 'logfoldchanges': 3.068817377090454, 'pvals_adj': 0.007086462059445699}, {'names': 'S100A6', 'logfoldchanges': 2.0978569984436035, 'pvals_adj': 0.01754008134137859}]"
67,Cycling immune cells,niche,Excluded,41,1027,0.441534323259122,0.09156344096819903,"[{'names': 'H2AZ1', 'logfoldchanges': 1.1248725652694702, 'pvals_adj': 0.9971162223193992}, {'names': 'LYZ', 'logfoldchanges': 1.3466646671295166, 'pvals_adj': 0.9971162223193992}, {'names': 'HLA.DRB1', 'logfoldchanges': 0.4783596098423004, 'pvals_adj': 0.9971162223193992}, {'names': 'CD68', 'logfoldchanges': 1.0859359502792358, 'pvals_adj': 0.9971162223193992}, {'names': 'CASP8', 'logfoldchanges': 1.6159783601760864, 'pvals_adj': 0.9971162223193992}]"
68,Cycling immune cells,niche,Tumor surface,188,880,1.7248703876217604e-11,0.25550824747762585,"[{'names': 'S100A6', 'logfoldchanges': 1.6778137683868408, 'pvals_adj': 6.07839056103454e-10}, {'names': 'HSPA1A', 'logfoldchanges': 1.7109841108322144, 'pvals_adj': 0.00035591411679849967}, {'names': 'S100A10', 'logfoldchanges': 1.5093313455581665, 'pvals_adj': 0.00035591411679849967}, {'names': 'ANXA2', 'logfoldchanges': 1.4307870864868164, 'pvals_adj': 0.0005181974504675086}, {'names': 'KRT19', 'logfoldchanges': 2.1673386096954346, 'pvals_adj': 0.0005181974504675086}]"
69,Cycling immune cells,niche,Vascular stroma,132,936,0.000194717266130959,0.17324905980858443,"[{'names': 'LYZ', 'logfoldchanges': 0.7514804601669312, 'pvals_adj': 0.7365914972704993}, {'names': 'ITGB2', 'logfoldchanges': 0.829599916934967, 'pvals_adj': 0.7365914972704993}, {'names': 'MGP', 'logfoldchanges': 1.2663146257400513, 'pvals_adj': 0.9995189979677455}, {'names': 'S100A9', 'logfoldchanges': 0.9841869473457336, 'pvals_adj': 0.9995189979677455}, {'names': 'TIMP1', 'logfoldchanges': 0.754982054233551, 'pvals_adj': 0.9995189979677455}]"
70,Cycling immune cells,niche,Smooth muscle structures,20,1048,0.16132982088277428,0.11044810672046061,"[{'names': 'FGR', 'logfoldchanges': 2.3987107276916504, 'pvals_adj': 0.9988321796647456}, {'names': 'MGP', 'logfoldchanges': 2.4465219974517822, 'pvals_adj': 0.9988321796647456}, {'names': 'CLU', 'logfoldchanges': 3.248682737350464, 'pvals_adj': 0.9988321796647456}, {'names': 'IL11', 'logfoldchanges': 2.548426628112793, 'pvals_adj': 0.9988321796647456}, {'names': 'SOD2', 'logfoldchanges': 1.6891812086105347, 'pvals_adj': 0.9988321796647456}]"
71,Cycling immune cells,niche,T cell aggregates,180,888,2.944206656205906e-13,0.2714361008131192,"[{'names': 'CCL19', 'logfoldchanges': 3.7347943782806396, 'pvals_adj': 3.3537902218294083e-07}, {'names': 'RPL21', 'logfoldchanges': 1.3981764316558838, 'pvals_adj': 4.064116554370206e-06}, {'names': 'CCL5', 'logfoldchanges': 1.8308682441711426, 'pvals_adj': 0.0005814035976384502}, {'names': 'IL32', 'logfoldchanges': 1.4933276176452637, 'pvals_adj': 0.00075442222909261}, {'names': 'HLA.C', 'logfoldchanges': 0.721784234046936, 'pvals_adj': 0.0009929715655056595}]"
72,Cycling immune cells,niche,Macrophage islands,127,941,0.019660229656334807,0.1359149939816641,"[{'names': 'HLA.DQA1', 'logfoldchanges': 1.3292670249938965, 'pvals_adj': 0.02843315480854557}, {'names': 'C1QB', 'logfoldchanges': 1.4968351125717163, 'pvals_adj': 0.02843315480854557}, {'names': 'HLA.DPA1', 'logfoldchanges': 1.176331877708435, 'pvals_adj': 0.060633372370496874}, {'names': 'C1QC', 'logfoldchanges': 1.2698675394058228, 'pvals_adj': 0.22202443405878555}, {'names': 'FCGR3A', 'logfoldchanges': 1.182658314704895, 'pvals_adj': 0.22202443405878555}]"
73,Cycling immune cells,niche,Desmoplastic stroma,251,817,3.4779211645409947e-06,0.19798964765595214,"[{'names': 'IGKC', 'logfoldchanges': 1.2932448387145996, 'pvals_adj': 0.35897384405009247}, {'names': 'COL3A1', 'logfoldchanges': 1.0118145942687988, 'pvals_adj': 0.35897384405009247}, {'names': 'COL1A1', 'logfoldchanges': 0.8015334606170654, 'pvals_adj': 0.3617754409653338}, {'names': 'S100A9', 'logfoldchanges': 0.8170051574707031, 'pvals_adj': 0.9971089080442924}, {'names': 'TYK2', 'logfoldchanges': 0.31370389461517334, 'pvals_adj': 0.9971089080442924}]"
74,Cycling immune cells,niche,Airways,58,1010,0.0008522720209593402,0.162760316619304,"[{'names': 'HLA.DQB1', 'logfoldchanges': 0.8110575675964355, 'pvals_adj': 0.24741330337667514}, {'names': 'HLA.DQA1', 'logfoldchanges': 0.7156173586845398, 'pvals_adj': 0.5935570940962337}, {'names': 'S100B', 'logfoldchanges': 2.0264790058135986, 'pvals_adj': 0.9236991290270301}, {'names': 'HLA.DPB1', 'logfoldchanges': 0.6316291093826294, 'pvals_adj': 0.9991268133842213}, {'names': 'SCGB3A1', 'logfoldchanges': 2.7518351078033447, 'pvals_adj': 0.9991268133842213}]"
75,Cycling immune cells,niche,Alveolar spaces,42,1026,0.25092227077701573,0.10319929210333266,"[{'names': 'S100A4', 'logfoldchanges': 1.0596827268600464, 'pvals_adj': 0.9975566027660345}, {'names': 'IGFBP7', 'logfoldchanges': 1.2790547609329224, 'pvals_adj': 0.9975566027660345}, {'names': 'RAC1', 'logfoldchanges': 1.038757085800171, 'pvals_adj': 0.9975566027660345}, {'names': 'VIM', 'logfoldchanges': 0.3883891999721527, 'pvals_adj': 0.9975566027660345}, {'names': 'HLA.C', 'logfoldchanges': 0.20450055599212646, 'pvals_adj': 0.9975566027660345}]"
76,Vascular endothelium,global,,2051,0,2.7320905594273447e-87,0.18581290513020263,
77,Vascular endothelium,niche,Tumor surface,41,2010,0.0024788647673733757,0.1114707154071046,"[{'names': 'INSR', 'logfoldchanges': 2.1743977069854736, 'pvals_adj': 0.48579464275887785}, {'names': 'COL1A1', 'logfoldchanges': 1.9173457622528076, 'pvals_adj': 0.9997874544366039}, {'names': 'IGFBP5', 'logfoldchanges': 2.358776092529297, 'pvals_adj': 0.9997874544366039}, {'names': 'MMP2', 'logfoldchanges': 1.8119444847106934, 'pvals_adj': 0.9997874544366039}, {'names': 'COL3A1', 'logfoldchanges': 1.7110302448272705, 'pvals_adj': 0.9997874544366039}]"
78,Vascular endothelium,niche,Vascular stroma,1079,972,3.318771937749917e-52,0.360439860441838,"[{'names': 'KDR', 'logfoldchanges': 2.2684831619262695, 'pvals_adj': 7.108784579332156e-40}, {'names': 'FLT1', 'logfoldchanges': 2.2189602851867676, 'pvals_adj': 1.935590184387734e-38}, {'names': 'COL4A1', 'logfoldchanges': 1.4870433807373047, 'pvals_adj': 1.0062574540044718e-19}, {'names': 'IGFBP3', 'logfoldchanges': 2.0972490310668945, 'pvals_adj': 4.52146032730291e-18}, {'names': 'COL4A2', 'logfoldchanges': 1.354975700378418, 'pvals_adj': 1.2753809080636147e-17}]"
79,Vascular endothelium,niche,Excluded,100,1951,1.386969922311102e-08,0.16331485377022664,"[{'names': 'MALAT1', 'logfoldchanges': 0.23584219813346863, 'pvals_adj': 0.2700424447336128}, {'names': 'CD74', 'logfoldchanges': 0.7686495780944824, 'pvals_adj': 0.44157418922080466}, {'names': 'HLA.DRB1', 'logfoldchanges': 0.7690499424934387, 'pvals_adj': 0.9987311997709969}, {'names': 'TEK', 'logfoldchanges': 0.6846394538879395, 'pvals_adj': 0.9987311997709969}, {'names': 'PTGDS', 'logfoldchanges': 0.8402320146560669, 'pvals_adj': 0.9987311997709969}]"
80,Vascular endothelium,niche,T cell aggregates,183,1868,2.8384225941642296e-33,0.29328125162113144,"[{'names': 'CD74', 'logfoldchanges': 3.0044078826904297, 'pvals_adj': 1.107952447647454e-22}, {'names': 'HLA.DRB1', 'logfoldchanges': 2.3787457942962646, 'pvals_adj': 1.1800213462464821e-11}, {'names': 'S100A6', 'logfoldchanges': 1.6281629800796509, 'pvals_adj': 6.957445422938334e-07}, {'names': 'VWF', 'logfoldchanges': 1.4574557542800903, 'pvals_adj': 6.957445422938334e-07}, {'names': 'ACKR1', 'logfoldchanges': 2.747826099395752, 'pvals_adj': 1.6575902097155097e-06}]"
81,Vascular endothelium,niche,Smooth muscle structures,58,1993,2.54439702359829e-07,0.15299514024213137,"[{'names': 'IER3', 'logfoldchanges': 2.7847909927368164, 'pvals_adj': 0.10408890291383814}, {'names': 'HLA.C', 'logfoldchanges': 0.6820122599601746, 'pvals_adj': 0.7849385221441737}, {'names': 'IL33', 'logfoldchanges': 2.046084403991699, 'pvals_adj': 0.7849385221441737}, {'names': 'ZFP36', 'logfoldchanges': 1.1959809064865112, 'pvals_adj': 0.8301063643458104}, {'names': 'HLA.B', 'logfoldchanges': 0.3684762418270111, 'pvals_adj': 0.8720426712905052}]"
82,Vascular endothelium,niche,Desmoplastic stroma,206,1845,4.162692023508397e-05,0.1322657463892324,"[{'names': 'IGKC', 'logfoldchanges': 1.7065597772598267, 'pvals_adj': 0.0019399881038152148}, {'names': 'COL1A1', 'logfoldchanges': 1.34342360496521, 'pvals_adj': 0.0019399881038152148}, {'names': 'COL3A1', 'logfoldchanges': 1.3941049575805664, 'pvals_adj': 0.003152049845491485}, {'names': 'IGFBP7', 'logfoldchanges': 0.9336362481117249, 'pvals_adj': 0.01214082980019277}, {'names': 'IFITM1', 'logfoldchanges': 1.1505180597305298, 'pvals_adj': 0.03822722608561208}]"
83,Vascular endothelium,niche,Macrophage islands,38,2013,0.2865251124307695,0.07271433881702756,"[{'names': 'KLF2', 'logfoldchanges': 1.3734036684036255, 'pvals_adj': 0.9987866367343028}, {'names': 'ADGRG1', 'logfoldchanges': 1.3709651231765747, 'pvals_adj': 0.9987866367343028}, {'names': 'CD52', 'logfoldchanges': 2.203127861022949, 'pvals_adj': 0.9987866367343028}, {'names': 'H2AZ1', 'logfoldchanges': 1.2552820444107056, 'pvals_adj': 0.9987866367343028}, {'names': 'HLA.C', 'logfoldchanges': 0.28092896938323975, 'pvals_adj': 0.9987866367343028}]"
84,Vascular endothelium,niche,Tumor core,4,2047,0.7570551303139242,0.053303626138893334,"[{'names': 'FZD4', 'logfoldchanges': 4.275885105133057, 'pvals_adj': 0.9693280741150786}, {'names': 'SNAI1', 'logfoldchanges': 4.742821216583252, 'pvals_adj': 0.9693280741150786}, {'names': 'KDR', 'logfoldchanges': 3.6178619861602783, 'pvals_adj': 0.9693280741150786}, {'names': 'COL6A3', 'logfoldchanges': 4.151902198791504, 'pvals_adj': 0.9693280741150786}, {'names': 'EFNA1', 'logfoldchanges': 3.4640650749206543, 'pvals_adj': 0.9693280741150786}]"
85,Vascular endothelium,niche,Airways,66,1985,0.0005450212563387848,0.119818042975993,"[{'names': 'IGFBP7', 'logfoldchanges': 0.946122407913208, 'pvals_adj': 0.04608924968189561}, {'names': 'FOS', 'logfoldchanges': 1.552734375, 'pvals_adj': 0.09865129279232218}, {'names': 'PTGDS', 'logfoldchanges': 1.94862699508667, 'pvals_adj': 0.2898213501991327}, {'names': 'H4C3', 'logfoldchanges': 1.743818998336792, 'pvals_adj': 0.570398337529493}, {'names': 'IL1R1', 'logfoldchanges': 1.7894705533981323, 'pvals_adj': 0.570398337529493}]"
86,Vascular endothelium,niche,Alveolar spaces,276,1775,1.6771009727850564e-32,0.2901898903354772,"[{'names': 'HLA.E', 'logfoldchanges': 0.9567710161209106, 'pvals_adj': 2.261478208011959e-08}, {'names': 'CAV1', 'logfoldchanges': 1.2486324310302734, 'pvals_adj': 4.6395038635243383e-07}, {'names': 'HLA.A', 'logfoldchanges': 0.45024463534355164, 'pvals_adj': 7.29991570971339e-07}, {'names': 'GPX3', 'logfoldchanges': 1.4806798696517944, 'pvals_adj': 0.0005130712403832446}, {'names': 'CD74', 'logfoldchanges': 0.9699240326881409, 'pvals_adj': 0.0006142037373964108}]"
87,Regulatory T cells,global,,1100,0,8.647233136809814e-49,0.20813502042012766,
88,Regulatory T cells,niche,Tumor surface,220,880,4.137948626046718e-22,0.3336920960517611,"[{'names': 'S100A6', 'logfoldchanges': 2.059871196746826, 'pvals_adj': 1.6758429700820182e-15}, {'names': 'S100A10', 'logfoldchanges': 2.081425905227661, 'pvals_adj': 1.5409854737641693e-08}, {'names': 'HSPB1', 'logfoldchanges': 1.755415439605713, 'pvals_adj': 3.4094476463176244e-07}, {'names': 'HSP90AA1', 'logfoldchanges': 1.6939891576766968, 'pvals_adj': 1.503155235197625e-06}, {'names': 'HSP90AB1', 'logfoldchanges': 1.5231096744537354, 'pvals_adj': 7.463331104056391e-06}]"
89,Regulatory T cells,niche,Smooth muscle structures,24,1076,0.15815358537597926,0.1091268733727427,"[{'names': 'TNFRSF4', 'logfoldchanges': 1.5358107089996338, 'pvals_adj': 0.9997408237121659}, {'names': 'EPOR', 'logfoldchanges': 2.8831844329833984, 'pvals_adj': 0.9997408237121659}, {'names': 'MMP2', 'logfoldchanges': 1.5420081615447998, 'pvals_adj': 0.9997408237121659}, {'names': 'VCAN', 'logfoldchanges': 1.7989294528961182, 'pvals_adj': 0.9997408237121659}, {'names': 'MZT2A', 'logfoldchanges': -0.13178089261054993, 'pvals_adj': 0.9997408237121659}]"
90,Regulatory T cells,niche,Macrophage islands,182,918,8.100951383012686e-18,0.3036517843480672,"[{'names': 'HLA.DPA1', 'logfoldchanges': 1.9993135929107666, 'pvals_adj': 2.2199388200372613e-11}, {'names': 'HLA.DRA', 'logfoldchanges': 2.0195703506469727, 'pvals_adj': 8.054078693165641e-10}, {'names': 'CD74', 'logfoldchanges': 1.0426441431045532, 'pvals_adj': 4.048170582529106e-08}, {'names': 'HLA.DQA1', 'logfoldchanges': 1.8246670961380005, 'pvals_adj': 4.048170582529106e-08}, {'names': 'CD68', 'logfoldchanges': 1.9171239137649536, 'pvals_adj': 3.2543810675675372e-06}]"
91,Regulatory T cells,niche,Tumor core,26,1074,1.8448775631032423e-09,0.2321441205054031,"[{'names': 'HSPB1', 'logfoldchanges': 3.3769214153289795, 'pvals_adj': 0.0002989458607911034}, {'names': 'EPCAM', 'logfoldchanges': 4.627265453338623, 'pvals_adj': 0.0013958532289402258}, {'names': 'S100A6', 'logfoldchanges': 2.6639325618743896, 'pvals_adj': 0.011533436345783302}, {'names': 'HLA.A', 'logfoldchanges': 1.0239897966384888, 'pvals_adj': 0.023529302717784185}, {'names': 'PSAP', 'logfoldchanges': 2.5324246883392334, 'pvals_adj': 0.023529302717784185}]"
92,Regulatory T cells,niche,Excluded,29,1071,0.035180684498563826,0.12791824164759702,"[{'names': 'CD74', 'logfoldchanges': 0.8768181204795837, 'pvals_adj': 0.9997636730290077}, {'names': 'CALD1', 'logfoldchanges': 1.8918654918670654, 'pvals_adj': 0.9997636730290077}, {'names': 'H4C3', 'logfoldchanges': 1.3959256410598755, 'pvals_adj': 0.9997636730290077}, {'names': 'C1QB', 'logfoldchanges': 1.2043603658676147, 'pvals_adj': 0.9997636730290077}, {'names': 'CD28', 'logfoldchanges': 0.9275190830230713, 'pvals_adj': 0.9997636730290077}]"
93,Regulatory T cells,niche,T cell aggregates,170,930,2.1060185261801e-06,0.19784075713602636,"[{'names': 'CXCL9', 'logfoldchanges': 3.0163638591766357, 'pvals_adj': 4.5587362736480456e-08}, {'names': 'CCL19', 'logfoldchanges': 3.3694727420806885, 'pvals_adj': 2.6499304624422996e-07}, {'names': 'TIMP1', 'logfoldchanges': 1.3069236278533936, 'pvals_adj': 0.01593522294205229}, {'names': 'RPL21', 'logfoldchanges': 0.9821727275848389, 'pvals_adj': 0.049976085846305675}, {'names': 'IDO1', 'logfoldchanges': 2.390808582305908, 'pvals_adj': 0.327476050231871}]"
94,Regulatory T cells,niche,Desmoplastic stroma,280,820,3.1672265129970213e-15,0.28373912747823193,"[{'names': 'COL1A1', 'logfoldchanges': 1.6310598850250244, 'pvals_adj': 2.7947872128626945e-09}, {'names': 'COL1A2', 'logfoldchanges': 1.6819833517074585, 'pvals_adj': 5.264354181994493e-06}, {'names': 'COL3A1', 'logfoldchanges': 1.418135404586792, 'pvals_adj': 0.0001819884391971213}, {'names': 'DCN', 'logfoldchanges': 1.4374775886535645, 'pvals_adj': 0.00034298175126197544}, {'names': 'LUM', 'logfoldchanges': 1.3031951189041138, 'pvals_adj': 0.01625571090932816}]"
95,Regulatory T cells,niche,Vascular stroma,108,992,0.004062477597099281,0.14818680427531566,"[{'names': 'MGP', 'logfoldchanges': 1.8430416584014893, 'pvals_adj': 0.36691726912041683}, {'names': 'CYTOR', 'logfoldchanges': 0.7744446992874146, 'pvals_adj': 0.9997455108308564}, {'names': 'FOXP3', 'logfoldchanges': 0.4929894208908081, 'pvals_adj': 0.9997455108308564}, {'names': 'IGFBP7', 'logfoldchanges': 0.731901228427887, 'pvals_adj': 0.9997455108308564}, {'names': 'IL32', 'logfoldchanges': 0.21972720324993134, 'pvals_adj': 0.9997455108308564}]"
96,Regulatory T cells,niche,Airways,35,1065,0.07337833017561578,0.11947498045138942,"[{'names': 'MGP', 'logfoldchanges': 2.214860200881958, 'pvals_adj': 0.999352828460156}, {'names': 'PTGES2', 'logfoldchanges': 2.1828651428222656, 'pvals_adj': 0.999352828460156}, {'names': 'DUSP4', 'logfoldchanges': 1.7678896188735962, 'pvals_adj': 0.999352828460156}, {'names': 'CIITA', 'logfoldchanges': 2.0319228172302246, 'pvals_adj': 0.999352828460156}, {'names': 'HLA.DQB1', 'logfoldchanges': 1.1346319913864136, 'pvals_adj': 0.999352828460156}]"
97,Regulatory T cells,niche,Alveolar spaces,26,1074,0.02462251977228127,0.1316600383514552,"[{'names': 'IL32', 'logfoldchanges': 1.4742660522460938, 'pvals_adj': 0.9992522792966175}, {'names': 'TNFRSF4', 'logfoldchanges': 1.714964509010315, 'pvals_adj': 0.9992522792966175}, {'names': 'OAS2', 'logfoldchanges': 1.9884040355682373, 'pvals_adj': 0.9992522792966175}, {'names': 'SRGN', 'logfoldchanges': 1.4646443128585815, 'pvals_adj': 0.9992522792966175}, {'names': 'CYTOR', 'logfoldchanges': 1.6842937469482422, 'pvals_adj': 0.9992522792966175}]"
98,Mast cells,global,,380,0,0.6015357212738449,0.15016445900311226,
99,Mast cells,niche,Vascular stroma,72,308,0.18224817693296005,0.1819923543666671,"[{'names': 'TPSB2', 'logfoldchanges': 0.6306664347648621, 'pvals_adj': 0.9990491183042711}, {'names': 'IL2RA', 'logfoldchanges': 2.6452865600585938, 'pvals_adj': 0.9990491183042711}, {'names': 'TYROBP', 'logfoldchanges': 1.6093544960021973, 'pvals_adj': 0.9990491183042711}, {'names': 'LGALS3', 'logfoldchanges': 1.3190672397613525, 'pvals_adj': 0.9990491183042711}, {'names': 'IL1RL1', 'logfoldchanges': 1.05422043800354, 'pvals_adj': 0.9990491183042711}]"
100,Mast cells,niche,Smooth muscle structures,31,349,0.15480878210197754,0.18620774295005632,"[{'names': 'HPGDS', 'logfoldchanges': 1.7840549945831299, 'pvals_adj': 0.9993193174958117}, {'names': 'CTSG', 'logfoldchanges': 1.8672618865966797, 'pvals_adj': 0.9993193174958117}, {'names': 'CD300A', 'logfoldchanges': 2.727151393890381, 'pvals_adj': 0.9993193174958117}, {'names': 'ITGA9', 'logfoldchanges': 1.7039580345153809, 'pvals_adj': 0.9993193174958117}, {'names': 'DUSP5', 'logfoldchanges': 1.1630438566207886, 'pvals_adj': 0.9993193174958117}]"
101,Mast cells,niche,T cell aggregates,36,344,0.48599324351731676,0.14943862872649125,"[{'names': 'MZT2A', 'logfoldchanges': 1.7242457866668701, 'pvals_adj': 0.9987275593321999}, {'names': 'IL32', 'logfoldchanges': 2.3790059089660645, 'pvals_adj': 0.9987275593321999}, {'names': 'RPL34', 'logfoldchanges': 1.753383755683899, 'pvals_adj': 0.9987275593321999}, {'names': 'HLA.DRB1', 'logfoldchanges': 1.8416781425476074, 'pvals_adj': 0.9987275593321999}, {'names': 'HLA.E', 'logfoldchanges': 1.4657261371612549, 'pvals_adj': 0.9987275593321999}]"
102,Mast cells,niche,Desmoplastic stroma,136,244,0.5198898274184016,0.14637839384290524,"[{'names': 'IGKC', 'logfoldchanges': 1.6785037517547607, 'pvals_adj': 0.9980566840795307}, {'names': 'COL3A1', 'logfoldchanges': 1.3232274055480957, 'pvals_adj': 0.9980566840795307}, {'names': 'HLA.A', 'logfoldchanges': 0.5943484306335449, 'pvals_adj': 0.9980566840795307}, {'names': 'COL1A1', 'logfoldchanges': 0.9462506175041199, 'pvals_adj': 0.9980566840795307}, {'names': 'LGALS1', 'logfoldchanges': 0.916212797164917, 'pvals_adj': 0.9980566840795307}]"
103,Mast cells,niche,Airways,32,348,0.6525999357552981,0.13427466376643332,"[{'names': 'CLU', 'logfoldchanges': 1.5046534538269043, 'pvals_adj': 1.0}, {'names': 'PTGDS', 'logfoldchanges': 1.908244252204895, 'pvals_adj': 1.0}, {'names': 'HSP90AB1', 'logfoldchanges': 1.6496670246124268, 'pvals_adj': 1.0}, {'names': 'GSN', 'logfoldchanges': 1.7272064685821533, 'pvals_adj': 1.0}, {'names': 'TPSAB1', 'logfoldchanges': 0.7619413137435913, 'pvals_adj': 1.0}]"
104,Mast cells,niche,Tumor surface,19,361,0.567301841408916,0.14210831512454372,"[{'names': 'CD55', 'logfoldchanges': 3.959472417831421, 'pvals_adj': 0.692167222623779}, {'names': 'RPL34', 'logfoldchanges': 2.622204303741455, 'pvals_adj': 0.999517677304431}, {'names': 'ANXA1', 'logfoldchanges': 2.4566330909729004, 'pvals_adj': 0.999517677304431}, {'names': 'HSP90AB1', 'logfoldchanges': 2.10188364982605, 'pvals_adj': 0.999517677304431}, {'names': 'ZFP36', 'logfoldchanges': 1.9098358154296875, 'pvals_adj': 0.999517677304431}]"
105,Mast cells,niche,Alveolar spaces,21,359,0.7965883288646742,0.11939074352645365,"[{'names': 'AZU1', 'logfoldchanges': 1.7486785650253296, 'pvals_adj': 0.9975537440010864}, {'names': 'ITGA9', 'logfoldchanges': 2.1162469387054443, 'pvals_adj': 0.9975537440010864}, {'names': 'SQSTM1', 'logfoldchanges': 1.5988612174987793, 'pvals_adj': 0.9975537440010864}, {'names': 'IL17B', 'logfoldchanges': 3.6096608638763428, 'pvals_adj': 0.9975537440010864}, {'names': 'TPSAB1', 'logfoldchanges': 0.22905206680297852, 'pvals_adj': 0.9975537440010864}]"
106,Mast cells,niche,Excluded,16,364,0.7272240462539274,0.12697079901413047,"[{'names': 'IGHG1', 'logfoldchanges': 2.518268346786499, 'pvals_adj': 0.9975144186207917}, {'names': 'TYK2', 'logfoldchanges': 1.618757963180542, 'pvals_adj': 0.9975144186207917}, {'names': 'HLA.DRB1', 'logfoldchanges': 1.776214838027954, 'pvals_adj': 0.9975144186207917}, {'names': 'CSF1', 'logfoldchanges': 2.0472702980041504, 'pvals_adj': 0.9975144186207917}, {'names': 'STAT3', 'logfoldchanges': 1.9635581970214844, 'pvals_adj': 0.9975144186207917}]"
107,Mast cells,niche,Macrophage islands,15,365,0.3397200567617139,0.16330737732670816,"[{'names': 'HLA.DQA1', 'logfoldchanges': 3.9079604148864746, 'pvals_adj': 0.991731337254892}, {'names': 'CD74', 'logfoldchanges': 2.3650503158569336, 'pvals_adj': 0.991731337254892}, {'names': 'HLA.DRB1', 'logfoldchanges': 2.1726417541503906, 'pvals_adj': 0.991731337254892}, {'names': 'C1QB', 'logfoldchanges': 2.9189393520355225, 'pvals_adj': 0.991731337254892}, {'names': 'COL1A1', 'logfoldchanges': 1.5464178323745728, 'pvals_adj': 0.991731337254892}]"
108,Mast cells,niche,Tumor core,2,378,0.5685216072665168,0.1419981637092953,<2
109,Smooth muscle cells,global,,1389,0,2.51491918334731e-70,0.20921953981590005,
110,Smooth muscle cells,niche,Smooth muscle structures,733,656,3.10763626285851e-64,0.482370982377179,"[{'names': 'MYH11', 'logfoldchanges': 2.674501895904541, 'pvals_adj': 1.4889489504722204e-22}, {'names': 'CLU', 'logfoldchanges': 2.718717575073242, 'pvals_adj': 7.75647589608179e-21}, {'names': 'TAGLN', 'logfoldchanges': 1.67091965675354, 'pvals_adj': 5.2204071312442164e-20}, {'names': 'MYL9', 'logfoldchanges': 1.4820473194122314, 'pvals_adj': 6.608603426192964e-07}, {'names': 'TPM2', 'logfoldchanges': 1.2447844743728638, 'pvals_adj': 8.645247566117792e-06}]"
111,Smooth muscle cells,niche,Vascular stroma,206,1183,1.655783922703926e-14,0.2473296223450832,"[{'names': 'TIMP1', 'logfoldchanges': 1.9139678478240967, 'pvals_adj': 1.2713074660375223e-06}, {'names': 'COL1A1', 'logfoldchanges': 1.6705293655395508, 'pvals_adj': 5.0965569321801566e-05}, {'names': 'COL3A1', 'logfoldchanges': 1.9565013647079468, 'pvals_adj': 0.00017825581218204055}, {'names': 'HLA.A', 'logfoldchanges': 1.3307275772094727, 'pvals_adj': 0.012781406814768276}, {'names': 'FN1', 'logfoldchanges': 1.3785749673843384, 'pvals_adj': 0.012781406814768276}]"
112,Smooth muscle cells,niche,Excluded,168,1221,0.02557876077643403,0.11681808794523178,"[{'names': 'ADIRF', 'logfoldchanges': 1.0577837228775024, 'pvals_adj': 1.0}, {'names': 'CD74', 'logfoldchanges': 1.017612338066101, 'pvals_adj': 1.0}, {'names': 'HLA.DQB1', 'logfoldchanges': 1.0510565042495728, 'pvals_adj': 1.0}, {'names': 'IGFBP7', 'logfoldchanges': 0.23002895712852478, 'pvals_adj': 1.0}, {'names': 'HLA.DRB1', 'logfoldchanges': 1.0864771604537964, 'pvals_adj': 1.0}]"
113,Smooth muscle cells,niche,Tumor surface,40,1349,1.2479728956254257e-12,0.23317253491009815,"[{'names': 'COL1A1', 'logfoldchanges': 3.9190292358398438, 'pvals_adj': 2.1208612204856974e-06}, {'names': 'HLA.A', 'logfoldchanges': 2.620347499847412, 'pvals_adj': 0.02165342378373547}, {'names': 'COL3A1', 'logfoldchanges': 3.020456075668335, 'pvals_adj': 0.030883403582988002}, {'names': 'BGN', 'logfoldchanges': 2.299459457397461, 'pvals_adj': 0.03978885826316052}, {'names': 'LGALS1', 'logfoldchanges': 2.6309890747070312, 'pvals_adj': 0.03978885826316052}]"
114,Smooth muscle cells,niche,Desmoplastic stroma,115,1274,1.1607225608484927e-20,0.28824832819471485,"[{'names': 'COL1A1', 'logfoldchanges': 3.1811513900756836, 'pvals_adj': 1.7266490437821758e-12}, {'names': 'COL3A1', 'logfoldchanges': 2.1576132774353027, 'pvals_adj': 0.0016843056651104978}, {'names': 'IL32', 'logfoldchanges': 2.8521170616149902, 'pvals_adj': 0.006246280783876134}, {'names': 'LUM', 'logfoldchanges': 2.6025376319885254, 'pvals_adj': 0.036035879078657566}, {'names': 'DCN', 'logfoldchanges': 1.7520920038223267, 'pvals_adj': 0.08435745538244127}]"
115,Smooth muscle cells,niche,Macrophage islands,25,1364,0.3337463954582361,0.08573609994147857,"[{'names': 'MGP', 'logfoldchanges': 2.4183857440948486, 'pvals_adj': 0.9997992682389992}, {'names': 'CD74', 'logfoldchanges': 2.67362380027771, 'pvals_adj': 0.9997992682389992}, {'names': 'HLA.DQB1', 'logfoldchanges': 3.111644744873047, 'pvals_adj': 0.9997992682389992}, {'names': 'TPM2', 'logfoldchanges': 1.3169808387756348, 'pvals_adj': 0.9997992682389992}, {'names': 'HLA.DPA1', 'logfoldchanges': 2.633023500442505, 'pvals_adj': 0.9997992682389992}]"
116,Smooth muscle cells,niche,Airways,19,1370,0.04292122494551449,0.11189798336707527,"[{'names': 'CALD1', 'logfoldchanges': 2.3388020992279053, 'pvals_adj': 0.9969029525727989}, {'names': 'HLA.A', 'logfoldchanges': 2.115961790084839, 'pvals_adj': 0.9969029525727989}, {'names': 'TPM1', 'logfoldchanges': 1.9174550771713257, 'pvals_adj': 0.9969029525727989}, {'names': 'THBS1', 'logfoldchanges': 2.3016252517700195, 'pvals_adj': 0.9969029525727989}, {'names': 'MGP', 'logfoldchanges': 1.8133488893508911, 'pvals_adj': 0.9969029525727989}]"
117,Smooth muscle cells,niche,Alveolar spaces,45,1344,2.3080677405435577e-05,0.1639136161358575,"[{'names': 'GPX3', 'logfoldchanges': 3.235300064086914, 'pvals_adj': 0.19953621094446145}, {'names': 'THBS1', 'logfoldchanges': 2.7597079277038574, 'pvals_adj': 0.3970165633394827}, {'names': 'FOS', 'logfoldchanges': 2.624936819076538, 'pvals_adj': 0.6312160982148438}, {'names': 'BGN', 'logfoldchanges': 1.4535143375396729, 'pvals_adj': 1.0}, {'names': 'RGCC', 'logfoldchanges': 3.4764292240142822, 'pvals_adj': 1.0}]"
118,Smooth muscle cells,niche,T cell aggregates,33,1356,1.1761606008167008e-06,0.1788480474619915,"[{'names': 'COL1A1', 'logfoldchanges': 2.643143892288208, 'pvals_adj': 0.16849330130987375}, {'names': 'COL3A1', 'logfoldchanges': 2.7836954593658447, 'pvals_adj': 0.28247069012830434}, {'names': 'COL1A2', 'logfoldchanges': 2.595996379852295, 'pvals_adj': 0.2905581578618893}, {'names': 'B2M', 'logfoldchanges': 2.285106897354126, 'pvals_adj': 0.2905581578618893}, {'names': 'VIM', 'logfoldchanges': 2.017045021057129, 'pvals_adj': 0.6638224085076386}]"
119,Smooth muscle cells,niche,Tumor core,5,1384,0.019550217110467165,0.11922902649777121,"[{'names': 'COL6A3', 'logfoldchanges': 5.933041572570801, 'pvals_adj': 0.9785541135647411}, {'names': 'COL1A1', 'logfoldchanges': 4.914122104644775, 'pvals_adj': 0.9785541135647411}, {'names': 'FOS', 'logfoldchanges': 5.324397087097168, 'pvals_adj': 0.9785541135647411}, {'names': 'BGN', 'logfoldchanges': 3.854978322982788, 'pvals_adj': 0.9785541135647411}, {'names': 'KRT19', 'logfoldchanges': 6.824949741363525, 'pvals_adj': 0.9785541135647411}]"
120,Pericytes,global,,1483,0,1.4593436609951097e-19,0.13764530593290095,
121,Pericytes,niche,Vascular stroma,1009,474,1.2946601521980308e-11,0.21781609936982116,"[{'names': 'VIM', 'logfoldchanges': 1.2672423124313354, 'pvals_adj': 1.464723444748686e-08}, {'names': 'MMP9', 'logfoldchanges': 2.2963268756866455, 'pvals_adj': 7.454520049254891e-08}, {'names': 'RGS5', 'logfoldchanges': 1.2318671941757202, 'pvals_adj': 3.720023275985734e-06}, {'names': 'FN1', 'logfoldchanges': 1.019979476928711, 'pvals_adj': 0.0004692332034622907}, {'names': 'GSN', 'logfoldchanges': 0.9934152960777283, 'pvals_adj': 0.0009725888715677095}]"
122,Pericytes,niche,Excluded,44,1439,3.7534296981384178e-06,0.16765446253053445,"[{'names': 'MALAT1', 'logfoldchanges': 0.6938434839248657, 'pvals_adj': 0.9997148607587748}, {'names': 'NOTCH3', 'logfoldchanges': 0.5607253909111023, 'pvals_adj': 0.9997148607587748}, {'names': 'CYTOR', 'logfoldchanges': 0.4756503701210022, 'pvals_adj': 0.9997148607587748}, {'names': 'EFNA5', 'logfoldchanges': 1.915019154548645, 'pvals_adj': 0.9997148607587748}, {'names': 'FOS', 'logfoldchanges': 0.806728720664978, 'pvals_adj': 0.9997148607587748}]"
123,Pericytes,niche,Smooth muscle structures,27,1456,0.12797231416052168,0.09661955533265584,"[{'names': 'C11orf96', 'logfoldchanges': 1.316886067390442, 'pvals_adj': 0.9996381311922218}, {'names': 'NEAT1', 'logfoldchanges': 1.0650972127914429, 'pvals_adj': 0.9996381311922218}, {'names': 'MT2A', 'logfoldchanges': 1.7800296545028687, 'pvals_adj': 0.9996381311922218}, {'names': 'S100A6', 'logfoldchanges': 1.5687031745910645, 'pvals_adj': 0.9996381311922218}, {'names': 'SPARCL1', 'logfoldchanges': 1.1600618362426758, 'pvals_adj': 0.9996381311922218}]"
124,Pericytes,niche,Desmoplastic stroma,151,1332,0.04471565535340606,0.10789968755209671,"[{'names': 'COL1A1', 'logfoldchanges': 0.6224140524864197, 'pvals_adj': 0.021380641082844182}, {'names': 'COL3A1', 'logfoldchanges': 0.5016056299209595, 'pvals_adj': 0.46870999039727235}, {'names': 'COL1A2', 'logfoldchanges': 0.3272724151611328, 'pvals_adj': 0.46870999039727235}, {'names': 'IFITM1', 'logfoldchanges': 0.6886084675788879, 'pvals_adj': 0.9999200086269362}, {'names': 'RARRES2', 'logfoldchanges': 0.9121448993682861, 'pvals_adj': 0.9999200086269362}]"
125,Pericytes,niche,Macrophage islands,27,1456,0.14558540365872608,0.09503418886981366,"[{'names': 'SPARCL1', 'logfoldchanges': 1.724136233329773, 'pvals_adj': 0.9996381311922218}, {'names': 'HLA.A', 'logfoldchanges': 0.8598018288612366, 'pvals_adj': 0.9996381311922218}, {'names': 'HLA.DRB1', 'logfoldchanges': 2.1830506324768066, 'pvals_adj': 0.9996381311922218}, {'names': 'FN1', 'logfoldchanges': 1.1822571754455566, 'pvals_adj': 0.9996381311922218}, {'names': 'IL32', 'logfoldchanges': 1.6980128288269043, 'pvals_adj': 0.9996381311922218}]"
126,Pericytes,niche,Tumor surface,34,1449,0.002085148141132931,0.1322704002402902,"[{'names': 'TIMP1', 'logfoldchanges': 1.4748307466506958, 'pvals_adj': 0.7356087088657917}, {'names': 'LUM', 'logfoldchanges': 2.167973279953003, 'pvals_adj': 0.7356087088657917}, {'names': 'COL3A1', 'logfoldchanges': 1.166752576828003, 'pvals_adj': 0.7356087088657917}, {'names': 'VCAN', 'logfoldchanges': 1.939571738243103, 'pvals_adj': 0.9982166537811172}, {'names': 'RARRES2', 'logfoldchanges': 2.2014007568359375, 'pvals_adj': 0.9982166537811172}]"
127,Pericytes,niche,T cell aggregates,82,1401,0.001800693823697714,0.13325751109966819,"[{'names': 'CD74', 'logfoldchanges': 2.153932571411133, 'pvals_adj': 0.010304767485472792}, {'names': 'STAT1', 'logfoldchanges': 1.8947875499725342, 'pvals_adj': 0.07315492294356446}, {'names': 'CXCL9', 'logfoldchanges': 2.5284786224365234, 'pvals_adj': 0.426091817852846}, {'names': 'MZT2A', 'logfoldchanges': 0.6783509254455566, 'pvals_adj': 0.4369531618606522}, {'names': 'IL32', 'logfoldchanges': 1.3500875234603882, 'pvals_adj': 0.8445783781557333}]"
128,Pericytes,niche,Airways,30,1453,0.39478780349678794,0.07992410860520464,"[{'names': 'GSN', 'logfoldchanges': 0.691676676273346, 'pvals_adj': 0.999656346884026}, {'names': 'MT2A', 'logfoldchanges': 1.4611256122589111, 'pvals_adj': 0.999656346884026}, {'names': 'COL6A2', 'logfoldchanges': 0.5418170094490051, 'pvals_adj': 0.999656346884026}, {'names': 'NOTCH3', 'logfoldchanges': 0.9914548397064209, 'pvals_adj': 0.999656346884026}, {'names': 'BMP4', 'logfoldchanges': 2.8205714225769043, 'pvals_adj': 0.999656346884026}]"
129,Pericytes,niche,Alveolar spaces,76,1407,9.011433665299533e-12,0.21905345048441954,"[{'names': 'NDRG1', 'logfoldchanges': 2.932565927505493, 'pvals_adj': 0.002188392205623319}, {'names': 'GPX3', 'logfoldchanges': 2.210272789001465, 'pvals_adj': 0.04403900712628183}, {'names': 'COL4A2', 'logfoldchanges': 0.6063292026519775, 'pvals_adj': 0.8098112421074952}, {'names': 'FOXF1', 'logfoldchanges': 1.4103800058364868, 'pvals_adj': 0.8098112421074952}, {'names': 'MZT2A', 'logfoldchanges': 0.15333475172519684, 'pvals_adj': 0.9998902941233608}]"
130,Pericytes,niche,Tumor core,3,1480,0.014017938308417003,0.11816414835916524,"[{'names': 'COL11A1', 'logfoldchanges': 6.0670342445373535, 'pvals_adj': 0.9719771978249285}, {'names': 'IGFBP3', 'logfoldchanges': 6.1687541007995605, 'pvals_adj': 0.9719771978249285}, {'names': 'COL3A1', 'logfoldchanges': 2.4171855449676514, 'pvals_adj': 0.9719771978249285}, {'names': 'IFNGR1', 'logfoldchanges': 5.866452217102051, 'pvals_adj': 0.9719771978249285}, {'names': 'RYK', 'logfoldchanges': 5.665671348571777, 'pvals_adj': 0.9719771978249285}]"
131,Plasma cells,global,,1637,0,1.3597947048292926e-12,0.11768710388352906,
132,Plasma cells,niche,Desmoplastic stroma,934,703,7.621760223238095e-08,0.17615692957962703,"[{'names': 'COL1A1', 'logfoldchanges': 1.0600234270095825, 'pvals_adj': 4.191466503375921e-06}, {'names': 'COL3A1', 'logfoldchanges': 0.9487181305885315, 'pvals_adj': 0.001427217443863175}, {'names': 'COL1A2', 'logfoldchanges': 0.840648889541626, 'pvals_adj': 0.013776434917108832}, {'names': 'JUNB', 'logfoldchanges': 0.6693928837776184, 'pvals_adj': 0.5389291327531998}, {'names': 'PTGDS', 'logfoldchanges': 0.6278209090232849, 'pvals_adj': 0.5389291327531998}]"
133,Plasma cells,niche,Vascular stroma,229,1408,0.06396106863026794,0.09930327103693994,"[{'names': 'JCHAIN', 'logfoldchanges': 0.6850475668907166, 'pvals_adj': 0.9995790575820016}, {'names': 'MZB1', 'logfoldchanges': 0.5060681700706482, 'pvals_adj': 0.9995790575820016}, {'names': 'IGHA1', 'logfoldchanges': 0.43544691801071167, 'pvals_adj': 0.9995790575820016}, {'names': 'LGALS1', 'logfoldchanges': 0.5564537048339844, 'pvals_adj': 0.9995790575820016}, {'names': 'IRF3', 'logfoldchanges': 0.7231398820877075, 'pvals_adj': 0.9995790575820016}]"
134,Plasma cells,niche,Macrophage islands,130,1507,0.2251143770492699,0.08488377319196046,"[{'names': 'MIF', 'logfoldchanges': 0.754252552986145, 'pvals_adj': 0.9995371218678031}, {'names': 'HLA.DQA1', 'logfoldchanges': 0.9609383344650269, 'pvals_adj': 0.9995371218678031}, {'names': 'HSP90B1', 'logfoldchanges': 0.48285022377967834, 'pvals_adj': 0.9995371218678031}, {'names': 'TYROBP', 'logfoldchanges': 1.2520960569381714, 'pvals_adj': 0.9995371218678031}, {'names': 'HLA.DPA1', 'logfoldchanges': 0.8321560025215149, 'pvals_adj': 0.9995371218678031}]"
135,Plasma cells,niche,Smooth muscle structures,14,1623,0.583390867464511,0.06776659800147905,"[{'names': 'SPP1', 'logfoldchanges': 2.7423481941223145, 'pvals_adj': 0.9911202970133237}, {'names': 'IFNL2', 'logfoldchanges': 4.033688545227051, 'pvals_adj': 0.9911202970133237}, {'names': 'FOXF1', 'logfoldchanges': 3.4312243461608887, 'pvals_adj': 0.9911202970133237}, {'names': 'CXCL14', 'logfoldchanges': 2.721141815185547, 'pvals_adj': 0.9911202970133237}, {'names': 'CLOCK', 'logfoldchanges': 2.5156610012054443, 'pvals_adj': 0.9911202970133237}]"
136,Plasma cells,niche,Tumor surface,74,1563,0.0017934146588228375,0.12686044679958122,"[{'names': 'IGHG1', 'logfoldchanges': 1.1884007453918457, 'pvals_adj': 0.6523457476322584}, {'names': 'IGHG2', 'logfoldchanges': 1.3694322109222412, 'pvals_adj': 0.6523457476322584}, {'names': 'COL6A3', 'logfoldchanges': 1.4188218116760254, 'pvals_adj': 0.9995983864433013}, {'names': 'TIMP1', 'logfoldchanges': 1.2795166969299316, 'pvals_adj': 0.9995983864433013}, {'names': 'HSP90AA1', 'logfoldchanges': 1.3661104440689087, 'pvals_adj': 0.9995983864433013}]"
137,Plasma cells,niche,T cell aggregates,182,1455,2.372053619536914e-14,0.22677483659877518,"[{'names': 'DUSP5', 'logfoldchanges': 2.042034387588501, 'pvals_adj': 1.4755983671379611e-07}, {'names': 'MZT2A', 'logfoldchanges': 0.9510061144828796, 'pvals_adj': 4.9762763602490894e-06}, {'names': 'CD74', 'logfoldchanges': 1.7560620307922363, 'pvals_adj': 8.635582164282435e-06}, {'names': 'JCHAIN', 'logfoldchanges': 1.3782955408096313, 'pvals_adj': 0.000854283894726581}, {'names': 'HLA.C', 'logfoldchanges': 1.2014741897583008, 'pvals_adj': 0.002019737205325202}]"
138,Plasma cells,niche,Airways,21,1616,0.1014712434749624,0.09455132675886968,"[{'names': 'HSP90B1', 'logfoldchanges': 1.784734845161438, 'pvals_adj': 0.9992585645561328}, {'names': 'HLA.DRB1', 'logfoldchanges': 2.0950822830200195, 'pvals_adj': 0.9992585645561328}, {'names': 'ENG', 'logfoldchanges': 2.6724753379821777, 'pvals_adj': 0.9992585645561328}, {'names': 'TIMP1', 'logfoldchanges': 1.7982913255691528, 'pvals_adj': 0.9992585645561328}, {'names': 'MZT2A', 'logfoldchanges': 1.470523476600647, 'pvals_adj': 0.9992585645561328}]"
139,Plasma cells,niche,Alveolar spaces,14,1623,0.7754327484815438,0.058691768036728174,"[{'names': 'MZT2A', 'logfoldchanges': 2.0045554637908936, 'pvals_adj': 0.9945375667393548}, {'names': 'IGF2R', 'logfoldchanges': 3.536851167678833, 'pvals_adj': 0.9945375667393548}, {'names': 'XBP1', 'logfoldchanges': 2.4030745029449463, 'pvals_adj': 0.9945375667393548}, {'names': 'TLR2', 'logfoldchanges': 2.523212432861328, 'pvals_adj': 0.9945375667393548}, {'names': 'RAC2', 'logfoldchanges': 2.419934034347534, 'pvals_adj': 0.9945375667393548}]"
140,Plasma cells,niche,Excluded,38,1599,0.013864375326402474,0.11255439631264216,"[{'names': 'HLA.A', 'logfoldchanges': 1.1374109983444214, 'pvals_adj': 0.999168851009381}, {'names': 'RARRES1', 'logfoldchanges': 1.6329481601715088, 'pvals_adj': 0.999168851009381}, {'names': 'CD68', 'logfoldchanges': 1.2075421810150146, 'pvals_adj': 0.999168851009381}, {'names': 'ITGA9', 'logfoldchanges': 2.0317068099975586, 'pvals_adj': 0.999168851009381}, {'names': 'SELENOP', 'logfoldchanges': 1.1684967279434204, 'pvals_adj': 0.999168851009381}]"
141,Plasma cells,niche,Tumor core,1,1636,0.368946296557489,0.07727691625658928,<2
142,Lymphatic endothelial cells,global,,670,0,4.878252782864341e-14,0.18867255386109177,
143,Lymphatic endothelial cells,niche,Excluded,25,645,0.008182936768289727,0.182144325204211,"[{'names': 'IGFBP7', 'logfoldchanges': 0.9020264744758606, 'pvals_adj': 0.13214766756323634}, {'names': 'PDGFD', 'logfoldchanges': 2.1262378692626953, 'pvals_adj': 0.9995798643378991}, {'names': 'CD34', 'logfoldchanges': 1.1250624656677246, 'pvals_adj': 0.9995798643378991}, {'names': 'CELSR1', 'logfoldchanges': 1.4561506509780884, 'pvals_adj': 0.9995798643378991}, {'names': 'FASLG', 'logfoldchanges': 2.2794554233551025, 'pvals_adj': 0.9995798643378991}]"
144,Lymphatic endothelial cells,niche,Smooth muscle structures,27,643,1.7947322700537655e-08,0.2841996326705473,"[{'names': 'VIM', 'logfoldchanges': 0.4323224723339081, 'pvals_adj': 0.025023718678332068}, {'names': 'TAGLN', 'logfoldchanges': 3.513624429702759, 'pvals_adj': 0.07015999502889948}, {'names': 'MALAT1', 'logfoldchanges': 0.9918727278709412, 'pvals_adj': 0.20531419642319074}, {'names': 'IL6ST', 'logfoldchanges': 1.998225212097168, 'pvals_adj': 0.41203274808099516}, {'names': 'JUN', 'logfoldchanges': 1.8497384786605835, 'pvals_adj': 0.90480558734536}]"
145,Lymphatic endothelial cells,niche,T cell aggregates,85,585,4.874132114873572e-06,0.24756050846881716,"[{'names': 'CD74', 'logfoldchanges': 1.5079509019851685, 'pvals_adj': 0.016084743344559845}, {'names': 'AZU1', 'logfoldchanges': 1.3443143367767334, 'pvals_adj': 0.1326530751182153}, {'names': 'RPL21', 'logfoldchanges': 0.9520191550254822, 'pvals_adj': 0.5204445645193333}, {'names': 'HLA.DQA1', 'logfoldchanges': 1.9273885488510132, 'pvals_adj': 0.5886908280313377}, {'names': 'HLA.C', 'logfoldchanges': 0.6169177889823914, 'pvals_adj': 0.6807370206653545}]"
146,Lymphatic endothelial cells,niche,Desmoplastic stroma,391,279,6.605261103284285e-08,0.2762431123500199,"[{'names': 'CCL21', 'logfoldchanges': 1.3229938745498657, 'pvals_adj': 0.0033241746647045944}, {'names': 'SELENOP', 'logfoldchanges': 1.3261057138442993, 'pvals_adj': 0.02412805254768088}, {'names': 'MMP2', 'logfoldchanges': 1.2287671566009521, 'pvals_adj': 0.028917314391685857}, {'names': 'COTL1', 'logfoldchanges': 1.1179221868515015, 'pvals_adj': 0.10886063728980137}, {'names': 'FABP5', 'logfoldchanges': 0.9219837784767151, 'pvals_adj': 0.11237596374825161}]"
147,Lymphatic endothelial cells,niche,Vascular stroma,62,608,0.08965251844059799,0.1498607258845261,"[{'names': 'BGN', 'logfoldchanges': 1.147696852684021, 'pvals_adj': 0.9989008634538482}, {'names': 'ETS1', 'logfoldchanges': 1.2211694717407227, 'pvals_adj': 0.9989008634538482}, {'names': 'RPL32', 'logfoldchanges': 1.0429896116256714, 'pvals_adj': 0.9989008634538482}, {'names': 'NOTCH1', 'logfoldchanges': 1.0295817852020264, 'pvals_adj': 0.9989008634538482}, {'names': 'MRC1', 'logfoldchanges': 1.0880537033081055, 'pvals_adj': 0.9989008634538482}]"
148,Lymphatic endothelial cells,niche,Airways,8,662,0.051120115813458746,0.1585843918397633,"[{'names': 'ITGA9', 'logfoldchanges': 2.2268896102905273, 'pvals_adj': 0.9665757120729079}, {'names': 'ANXA2', 'logfoldchanges': 1.2627549171447754, 'pvals_adj': 0.9665757120729079}, {'names': 'VIM', 'logfoldchanges': -0.12391995638608932, 'pvals_adj': 0.9665757120729079}, {'names': 'PTHLH', 'logfoldchanges': 4.31294584274292, 'pvals_adj': 0.9665757120729079}, {'names': 'NTRK2', 'logfoldchanges': 4.546175479888916, 'pvals_adj': 0.9665757120729079}]"
149,Lymphatic endothelial cells,niche,Tumor surface,38,632,0.47399583152827984,0.11336309821760478,"[{'names': 'KDR', 'logfoldchanges': 1.585598111152649, 'pvals_adj': 0.9993114760793647}, {'names': 'S100A10', 'logfoldchanges': 1.597711205482483, 'pvals_adj': 0.9993114760793647}, {'names': 'CCL21', 'logfoldchanges': 1.2851755619049072, 'pvals_adj': 0.9993114760793647}, {'names': 'LGALS1', 'logfoldchanges': 0.9957237243652344, 'pvals_adj': 0.9993114760793647}, {'names': 'MAF', 'logfoldchanges': 1.1241037845611572, 'pvals_adj': 0.9993114760793647}]"
150,Lymphatic endothelial cells,niche,Alveolar spaces,12,658,0.03732104899743582,0.16308560560477448,"[{'names': 'MALAT1', 'logfoldchanges': 0.07629383355379105, 'pvals_adj': 0.9913019285848893}, {'names': 'CD9', 'logfoldchanges': 2.6732218265533447, 'pvals_adj': 0.9913019285848893}, {'names': 'HLA.DQB1', 'logfoldchanges': 2.2858781814575195, 'pvals_adj': 0.9913019285848893}, {'names': 'GPX3', 'logfoldchanges': 3.569481134414673, 'pvals_adj': 0.9913019285848893}, {'names': 'IGFBP5', 'logfoldchanges': 2.5321834087371826, 'pvals_adj': 0.9913019285848893}]"
151,Lymphatic endothelial cells,niche,Macrophage islands,20,650,0.027768909934536897,0.16711167773622254,"[{'names': 'HLA.DPA1', 'logfoldchanges': 2.340729236602783, 'pvals_adj': 1.0}, {'names': 'FN1', 'logfoldchanges': 1.9112192392349243, 'pvals_adj': 1.0}, {'names': 'KDR', 'logfoldchanges': 2.001441478729248, 'pvals_adj': 1.0}, {'names': 'CD68', 'logfoldchanges': 2.5146076679229736, 'pvals_adj': 1.0}, {'names': 'EFNA5', 'logfoldchanges': 2.125105142593384, 'pvals_adj': 1.0}]"
152,Lymphatic endothelial cells,niche,Tumor core,2,668,0.34026607191282443,0.12294552504697025,<2
153,Dendritic cells,global,,864,0,1.3868885388786707e-27,0.19782072342028115,
154,Dendritic cells,niche,Tumor surface,136,728,1.0327460644436036e-10,0.27585294457319587,"[{'names': 'S100A6', 'logfoldchanges': 1.6584126949310303, 'pvals_adj': 0.0005081232651033232}, {'names': 'ANXA2', 'logfoldchanges': 1.395086407661438, 'pvals_adj': 0.05121149574188037}, {'names': 'CD80', 'logfoldchanges': 1.3930524587631226, 'pvals_adj': 0.05121149574188037}, {'names': 'HSP90AB1', 'logfoldchanges': 1.371324062347412, 'pvals_adj': 0.05609688149415111}, {'names': 'COTL1', 'logfoldchanges': 1.3321517705917358, 'pvals_adj': 0.05656432997114294}]"
155,Dendritic cells,niche,Vascular stroma,26,838,0.0288850332519147,0.14669573694635213,"[{'names': 'RGS2', 'logfoldchanges': 2.463404655456543, 'pvals_adj': 0.9987266618271707}, {'names': 'DUSP5', 'logfoldchanges': 1.380674123764038, 'pvals_adj': 0.9987266618271707}, {'names': 'WNT5B', 'logfoldchanges': 2.5659804344177246, 'pvals_adj': 0.9987266618271707}, {'names': 'NEAT1', 'logfoldchanges': 1.1224455833435059, 'pvals_adj': 0.9987266618271707}, {'names': 'RGS1', 'logfoldchanges': 1.043229341506958, 'pvals_adj': 0.9987266618271707}]"
156,Dendritic cells,niche,Excluded,18,846,0.1590028690935393,0.12304196763789557,"[{'names': 'CCL21', 'logfoldchanges': 2.667325973510742, 'pvals_adj': 0.9996192225820801}, {'names': 'CLCF1', 'logfoldchanges': 2.5460805892944336, 'pvals_adj': 0.9996192225820801}, {'names': 'SELENOP', 'logfoldchanges': 2.790271520614624, 'pvals_adj': 0.9996192225820801}, {'names': 'HLA.A', 'logfoldchanges': 0.5647974014282227, 'pvals_adj': 0.9996192225820801}, {'names': 'CD80', 'logfoldchanges': 0.49049556255340576, 'pvals_adj': 0.9996192225820801}]"
157,Dendritic cells,niche,Macrophage islands,87,777,0.0015787490202293828,0.17573147318614538,"[{'names': 'HLA.DRA', 'logfoldchanges': 0.7669698596000671, 'pvals_adj': 0.2993229909383756}, {'names': 'LYZ', 'logfoldchanges': 1.6138384342193604, 'pvals_adj': 0.2993229909383756}, {'names': 'HLA.DQB1', 'logfoldchanges': 0.8582461476325989, 'pvals_adj': 0.2993229909383756}, {'names': 'C1QC', 'logfoldchanges': 1.6387906074523926, 'pvals_adj': 0.4278695985631698}, {'names': 'HLA.DPA1', 'logfoldchanges': 0.8829668164253235, 'pvals_adj': 0.5072675031609578}]"
158,Dendritic cells,niche,Smooth muscle structures,1,863,0.35469311735176356,0.10730399340062471,<2
159,Dendritic cells,niche,T cell aggregates,410,454,8.409898725542799e-12,0.2872958742220801,"[{'names': 'CCL19', 'logfoldchanges': 2.370452404022217, 'pvals_adj': 1.0932337701760366e-17}, {'names': 'B2M', 'logfoldchanges': 0.5722892880439758, 'pvals_adj': 2.018870822884301e-05}, {'names': 'CXCL9', 'logfoldchanges': 1.3030753135681152, 'pvals_adj': 0.00012909273402018773}, {'names': 'CD44', 'logfoldchanges': 1.3527066707611084, 'pvals_adj': 0.00012909273402018773}, {'names': 'CD74', 'logfoldchanges': 0.43990910053253174, 'pvals_adj': 0.0007802054178398458}]"
160,Dendritic cells,niche,Desmoplastic stroma,129,735,1.9991629120846978e-10,0.27274163029370346,"[{'names': 'SAT1', 'logfoldchanges': 0.7913234233856201, 'pvals_adj': 0.39264459332647617}, {'names': 'IGFBP7', 'logfoldchanges': 1.1249223947525024, 'pvals_adj': 0.5748419617848376}, {'names': 'CCL21', 'logfoldchanges': 1.9029439687728882, 'pvals_adj': 0.9797182885201106}, {'names': 'MGP', 'logfoldchanges': 1.3076071739196777, 'pvals_adj': 0.9998474001496314}, {'names': 'CSF2RB', 'logfoldchanges': 0.5362947583198547, 'pvals_adj': 0.9998474001496314}]"
161,Dendritic cells,niche,Airways,24,840,0.21929855523582892,0.11733397885899068,"[{'names': 'HLA.DQB1', 'logfoldchanges': 0.8664641976356506, 'pvals_adj': 0.7910406310389362}, {'names': 'PTGDS', 'logfoldchanges': 2.194117784500122, 'pvals_adj': 1.0}, {'names': 'CD63', 'logfoldchanges': 1.7972180843353271, 'pvals_adj': 1.0}, {'names': 'CTNNB1', 'logfoldchanges': 1.6066893339157104, 'pvals_adj': 1.0}, {'names': 'MGP', 'logfoldchanges': 2.1827199459075928, 'pvals_adj': 1.0}]"
162,Dendritic cells,niche,Tumor core,9,855,1.4542902589953981e-11,0.2848444089926375,"[{'names': 'HSPB1', 'logfoldchanges': 4.748642444610596, 'pvals_adj': 0.015199360228719464}, {'names': 'HSPA1A', 'logfoldchanges': 4.658165454864502, 'pvals_adj': 0.9741935668030397}, {'names': 'HSP90AB1', 'logfoldchanges': 3.3554461002349854, 'pvals_adj': 0.9741935668030397}, {'names': 'TNFRSF12A', 'logfoldchanges': 3.5026018619537354, 'pvals_adj': 0.9741935668030397}, {'names': 'S100A6', 'logfoldchanges': 2.9074690341949463, 'pvals_adj': 0.9741935668030397}]"
163,Dendritic cells,niche,Alveolar spaces,24,840,0.25183097549028505,0.11466588362717003,"[{'names': 'ZFP36', 'logfoldchanges': 2.8023202419281006, 'pvals_adj': 0.44429542437042974}, {'names': 'HLA.DRA', 'logfoldchanges': 1.3062944412231445, 'pvals_adj': 0.44429542437042974}, {'names': 'HLA.DRB1', 'logfoldchanges': 0.7156865000724792, 'pvals_adj': 0.9993381229583707}, {'names': 'DUSP1', 'logfoldchanges': 2.174503803253174, 'pvals_adj': 0.9993381229583707}, {'names': 'HLA.DPA1', 'logfoldchanges': 0.8051134943962097, 'pvals_adj': 0.9993381229583707}]"
164,Alveolar cells,global,,607,0,3.4499478012193584e-10,0.18831773823761558,
165,Alveolar cells,niche,Vascular stroma,37,570,0.3385945957624494,0.1293026472788881,"[{'names': 'ADIRF', 'logfoldchanges': 1.8774123191833496, 'pvals_adj': 1.0}, {'names': 'SPP1', 'logfoldchanges': 2.256838083267212, 'pvals_adj': 1.0}, {'names': 'ITGB1', 'logfoldchanges': 1.0896286964416504, 'pvals_adj': 1.0}, {'names': 'RORA', 'logfoldchanges': 1.7553614377975464, 'pvals_adj': 1.0}, {'names': 'C1QC', 'logfoldchanges': 1.5127817392349243, 'pvals_adj': 1.0}]"
166,Alveolar cells,niche,Excluded,43,564,0.0029633686676589907,0.20297243750685695,"[{'names': 'CAV1', 'logfoldchanges': 1.4962084293365479, 'pvals_adj': 0.6884650883584487}, {'names': 'B2M', 'logfoldchanges': 0.35363471508026123, 'pvals_adj': 0.7947298045185724}, {'names': 'SREBF1', 'logfoldchanges': 1.5499687194824219, 'pvals_adj': 0.9992802112472532}, {'names': 'S100A4', 'logfoldchanges': 1.2797552347183228, 'pvals_adj': 0.9992802112472532}, {'names': 'SERPINA1', 'logfoldchanges': -0.21815575659275055, 'pvals_adj': 0.9992802112472532}]"
167,Alveolar cells,niche,Tumor surface,28,579,3.128931758226271e-07,0.27982064540544543,"[{'names': 'HLA.C', 'logfoldchanges': 1.5393034219741821, 'pvals_adj': 0.0001444119198950087}, {'names': 'COL1A1', 'logfoldchanges': 3.0654170513153076, 'pvals_adj': 0.0031768398956932052}, {'names': 'HLA.A', 'logfoldchanges': 0.956237256526947, 'pvals_adj': 0.0141582496813202}, {'names': 'S100A6', 'logfoldchanges': 1.209372639656067, 'pvals_adj': 0.016521983510427676}, {'names': 'HLA.B', 'logfoldchanges': 1.1017669439315796, 'pvals_adj': 0.0206124875063287}]"
168,Alveolar cells,niche,Desmoplastic stroma,17,590,0.0006022204197974351,0.21928691557388752,"[{'names': 'NOTCH1', 'logfoldchanges': 2.914954900741577, 'pvals_adj': 0.9976815012281266}, {'names': 'S100A6', 'logfoldchanges': 1.083929419517517, 'pvals_adj': 0.9976815012281266}, {'names': 'COL6A2', 'logfoldchanges': 2.769867181777954, 'pvals_adj': 0.9976815012281266}, {'names': 'IGF2R', 'logfoldchanges': 2.251319408416748, 'pvals_adj': 0.9976815012281266}, {'names': 'VIM', 'logfoldchanges': 1.5744644403457642, 'pvals_adj': 0.9976815012281266}]"
169,Alveolar cells,niche,Tumor core,3,604,0.26776143766255683,0.13533285056468586,"[{'names': 'MET', 'logfoldchanges': 5.214698791503906, 'pvals_adj': 0.9427331073367952}, {'names': 'CYTOR', 'logfoldchanges': 5.451150417327881, 'pvals_adj': 0.9427331073367952}, {'names': 'COL6A2', 'logfoldchanges': 5.551074504852295, 'pvals_adj': 0.9427331073367952}, {'names': 'HSPB1', 'logfoldchanges': 3.4128267765045166, 'pvals_adj': 0.9427331073367952}, {'names': 'HSP90AB1', 'logfoldchanges': 3.16135573387146, 'pvals_adj': 0.9427331073367952}]"
170,Alveolar cells,niche,Macrophage islands,9,598,0.39047574475262575,0.12525314060514167,"[{'names': 'CD68', 'logfoldchanges': 4.0135345458984375, 'pvals_adj': 0.9971065596645179}, {'names': 'C1QA', 'logfoldchanges': 4.161522388458252, 'pvals_adj': 0.9971065596645179}, {'names': 'JUNB', 'logfoldchanges': 2.529163122177124, 'pvals_adj': 0.9971065596645179}, {'names': 'HLA.B', 'logfoldchanges': 1.6282349824905396, 'pvals_adj': 0.9971065596645179}, {'names': 'CD40', 'logfoldchanges': 3.4364893436431885, 'pvals_adj': 0.9971065596645179}]"
171,Alveolar cells,niche,T cell aggregates,15,592,0.28116430049311736,0.1341332530865063,"[{'names': 'FYB1', 'logfoldchanges': 3.155510425567627, 'pvals_adj': 1.0}, {'names': 'SMAD2', 'logfoldchanges': 2.072148323059082, 'pvals_adj': 1.0}, {'names': 'LTB', 'logfoldchanges': 3.103606939315796, 'pvals_adj': 1.0}, {'names': 'TNFSF15', 'logfoldchanges': 3.036324977874756, 'pvals_adj': 1.0}, {'names': 'P2RY12', 'logfoldchanges': 3.536069869995117, 'pvals_adj': 1.0}]"
172,Alveolar cells,niche,Alveolar spaces,444,163,3.025869619546967e-05,0.24575514463650322,"[{'names': 'CD63', 'logfoldchanges': 1.0975139141082764, 'pvals_adj': 0.0007293920634902864}, {'names': 'GSTP1', 'logfoldchanges': 1.084076166152954, 'pvals_adj': 0.010855887708852284}, {'names': 'SLPI', 'logfoldchanges': 1.4814938306808472, 'pvals_adj': 0.010855887708852284}, {'names': 'GDF15', 'logfoldchanges': 1.3654041290283203, 'pvals_adj': 0.03277730282177142}, {'names': 'LAMP3', 'logfoldchanges': 1.3342466354370117, 'pvals_adj': 0.03491085416807574}]"
173,Alveolar cells,niche,Airways,11,596,0.0026994608182846474,0.20398500432189534,"[{'names': 'SCGB3A1', 'logfoldchanges': 3.616208076477051, 'pvals_adj': 0.9989686164155895}, {'names': 'RPL21', 'logfoldchanges': 1.4780826568603516, 'pvals_adj': 0.9989686164155895}, {'names': 'MGP', 'logfoldchanges': 2.8361856937408447, 'pvals_adj': 0.9989686164155895}, {'names': 'VEGFB', 'logfoldchanges': 2.8757541179656982, 'pvals_adj': 0.9989686164155895}, {'names': 'CXCL17', 'logfoldchanges': 1.5909799337387085, 'pvals_adj': 0.9989686164155895}]"
174,B cells,global,,174,0,0.37436361135477975,0.23246882310847333,
175,B cells,niche,Vascular stroma,28,146,0.666854119402251,0.19643568943586795,"[{'names': 'PSAP', 'logfoldchanges': 1.332604169845581, 'pvals_adj': 1.0}, {'names': 'IGFBP7', 'logfoldchanges': 1.6863470077514648, 'pvals_adj': 1.0}, {'names': 'RPL21', 'logfoldchanges': 1.183077096939087, 'pvals_adj': 1.0}, {'names': 'EMP3', 'logfoldchanges': 2.0894877910614014, 'pvals_adj': 1.0}, {'names': 'MGP', 'logfoldchanges': 1.9810324907302856, 'pvals_adj': 1.0}]"
176,B cells,niche,Smooth muscle structures,4,170,0.4946906219753644,0.2196777427897785,"[{'names': 'MX1', 'logfoldchanges': 4.441193103790283, 'pvals_adj': 0.9760935287907248}, {'names': 'MALAT1', 'logfoldchanges': 1.1014728546142578, 'pvals_adj': 0.9760935287907248}, {'names': 'IL27RA', 'logfoldchanges': 5.783003330230713, 'pvals_adj': 0.9760935287907248}, {'names': 'IL11RA', 'logfoldchanges': 4.874989986419678, 'pvals_adj': 0.9760935287907248}, {'names': 'RXRB', 'logfoldchanges': 4.96642541885376, 'pvals_adj': 0.9760935287907248}]"
177,B cells,niche,Airways,6,168,0.631075536752423,0.20140383184314686,"[{'names': 'CD4', 'logfoldchanges': 3.124250650405884, 'pvals_adj': 0.9809678959381108}, {'names': 'RELT', 'logfoldchanges': 3.2155914306640625, 'pvals_adj': 0.9809678959381108}, {'names': 'H4C3', 'logfoldchanges': 3.5075719356536865, 'pvals_adj': 0.9809678959381108}, {'names': 'APP', 'logfoldchanges': 2.4859695434570312, 'pvals_adj': 0.9809678959381108}, {'names': 'BAX', 'logfoldchanges': 3.412912130355835, 'pvals_adj': 0.9809678959381108}]"
178,B cells,niche,Desmoplastic stroma,55,119,0.9842783864938017,0.11660326709086195,"[{'names': 'NEAT1', 'logfoldchanges': 1.6395798921585083, 'pvals_adj': 0.9971935595863656}, {'names': 'IL10RB', 'logfoldchanges': 1.611729383468628, 'pvals_adj': 0.9971935595863656}, {'names': 'IGHG2', 'logfoldchanges': 1.753898024559021, 'pvals_adj': 0.9971935595863656}, {'names': 'CXCR4', 'logfoldchanges': 1.382498860359192, 'pvals_adj': 0.9971935595863656}, {'names': 'TYK2', 'logfoldchanges': 0.5671945214271545, 'pvals_adj': 0.9971935595863656}]"
179,B cells,niche,Tumor surface,11,163,0.8767845898313635,0.1605284647149854,"[{'names': 'SERPINA1', 'logfoldchanges': 3.5384154319763184, 'pvals_adj': 0.997532876854494}, {'names': 'CYSTM1', 'logfoldchanges': 3.234048366546631, 'pvals_adj': 0.997532876854494}, {'names': 'HLA.DPA1', 'logfoldchanges': 1.716368317604065, 'pvals_adj': 0.997532876854494}, {'names': 'PTGES2', 'logfoldchanges': 2.726594924926758, 'pvals_adj': 0.997532876854494}, {'names': 'CLEC2D', 'logfoldchanges': 2.6520042419433594, 'pvals_adj': 0.997532876854494}]"
180,B cells,niche,T cell aggregates,54,120,0.9220145221829941,0.14843385880050258,"[{'names': 'B2M', 'logfoldchanges': 1.1609790325164795, 'pvals_adj': 0.9995016000840542}, {'names': 'CIITA', 'logfoldchanges': 1.2274166345596313, 'pvals_adj': 0.9995016000840542}, {'names': 'CXCL9', 'logfoldchanges': 2.423370838165283, 'pvals_adj': 0.9995016000840542}, {'names': 'COL9A2', 'logfoldchanges': 1.7069687843322754, 'pvals_adj': 0.9995016000840542}, {'names': 'IL32', 'logfoldchanges': 1.3702621459960938, 'pvals_adj': 0.9995016000840542}]"
181,B cells,niche,Alveolar spaces,5,169,0.940148649411004,0.14220583260598502,"[{'names': 'COL18A1', 'logfoldchanges': 6.1592020988464355, 'pvals_adj': 0.9783416797761664}, {'names': 'MIF', 'logfoldchanges': 3.6978135108947754, 'pvals_adj': 0.9783416797761664}, {'names': 'TUBB4B', 'logfoldchanges': 5.27354621887207, 'pvals_adj': 0.9783416797761664}, {'names': 'PDGFA', 'logfoldchanges': 5.403055191040039, 'pvals_adj': 0.9783416797761664}, {'names': 'TUBB', 'logfoldchanges': 3.369312047958374, 'pvals_adj': 0.9783416797761664}]"
182,B cells,niche,Excluded,4,170,0.0021717078609517757,0.3853470359451533,"[{'names': 'TCL1A', 'logfoldchanges': 3.3176777362823486, 'pvals_adj': 0.9795038154421881}, {'names': 'ICOSLG', 'logfoldchanges': 3.8109357357025146, 'pvals_adj': 0.9795038154421881}, {'names': 'VIM', 'logfoldchanges': 1.7981653213500977, 'pvals_adj': 0.9795038154421881}, {'names': 'CLEC12A', 'logfoldchanges': 3.8895351886749268, 'pvals_adj': 0.9795038154421881}, {'names': 'RPL21', 'logfoldchanges': 1.0758734941482544, 'pvals_adj': 0.9795038154421881}]"
183,B cells,niche,Macrophage islands,7,167,0.033123036196690166,0.3232530673036259,"[{'names': 'MT2A', 'logfoldchanges': 4.125392436981201, 'pvals_adj': 0.9796852246689801}, {'names': 'EZR', 'logfoldchanges': 4.276094913482666, 'pvals_adj': 0.9796852246689801}, {'names': 'EFNB3', 'logfoldchanges': 5.139694690704346, 'pvals_adj': 0.9796852246689801}, {'names': 'C1QC', 'logfoldchanges': 3.7806453704833984, 'pvals_adj': 0.9796852246689801}, {'names': 'TYK2', 'logfoldchanges': 1.9982701539993286, 'pvals_adj': 0.9796852246689801}]"
184,Basal epithelial cells,global,,733,0,6.344403209001618e-20,0.20901799896117162,
185,Basal epithelial cells,niche,Smooth muscle structures,9,724,0.7174973467608607,0.09213348382986465,"[{'names': 'TIMP1', 'logfoldchanges': 4.13947868347168, 'pvals_adj': 0.5060792333740907}, {'names': 'IL16', 'logfoldchanges': 3.6303625106811523, 'pvals_adj': 0.9944084262884316}, {'names': 'VIM', 'logfoldchanges': 2.594353437423706, 'pvals_adj': 0.9944084262884316}, {'names': 'MMP1', 'logfoldchanges': 3.2894084453582764, 'pvals_adj': 0.9944084262884316}, {'names': 'TYK2', 'logfoldchanges': 1.457505702972412, 'pvals_adj': 0.9944084262884316}]"
186,Basal epithelial cells,niche,Excluded,7,726,0.0010135406513541723,0.19489444565435493,"[{'names': 'LGALS1', 'logfoldchanges': 2.8965530395507812, 'pvals_adj': 0.9763385485093699}, {'names': 'COL5A2', 'logfoldchanges': 3.976430892944336, 'pvals_adj': 0.9763385485093699}, {'names': 'OAS1', 'logfoldchanges': 3.5080060958862305, 'pvals_adj': 0.9763385485093699}, {'names': 'COL6A2', 'logfoldchanges': 2.3182101249694824, 'pvals_adj': 0.9763385485093699}, {'names': 'HSPB1', 'logfoldchanges': 1.3697398900985718, 'pvals_adj': 0.9763385485093699}]"
187,Basal epithelial cells,niche,Vascular stroma,5,728,0.29408624153831375,0.12103542214611572,"[{'names': 'LTB', 'logfoldchanges': 5.419008255004883, 'pvals_adj': 0.9855161846805508}, {'names': 'CD74', 'logfoldchanges': 1.2656192779541016, 'pvals_adj': 0.9855161846805508}, {'names': 'AKT1', 'logfoldchanges': 4.132749557495117, 'pvals_adj': 0.9855161846805508}, {'names': 'VIM', 'logfoldchanges': 2.9471733570098877, 'pvals_adj': 0.9855161846805508}, {'names': 'TAGLN', 'logfoldchanges': 4.121040344238281, 'pvals_adj': 0.9855161846805508}]"
188,Basal epithelial cells,niche,Airways,681,52,3.3436900967722467e-25,0.4331507362889094,"[{'names': 'SCGB3A1', 'logfoldchanges': 5.239880084991455, 'pvals_adj': 6.355997940127035e-10}, {'names': 'KRT17', 'logfoldchanges': 3.596184492111206, 'pvals_adj': 2.7552941050844805e-07}, {'names': 'B2M', 'logfoldchanges': 2.6666018962860107, 'pvals_adj': 7.669217163873678e-06}, {'names': 'IFITM3', 'logfoldchanges': 3.434574604034424, 'pvals_adj': 7.669217163873678e-06}, {'names': 'RPL34', 'logfoldchanges': 2.641800880432129, 'pvals_adj': 7.669217163873678e-06}]"
189,Basal epithelial cells,niche,Tumor surface,12,721,8.171906708585384e-08,0.2628356743377444,"[{'names': 'SERPINA1', 'logfoldchanges': 4.044756889343262, 'pvals_adj': 0.13967632917590297}, {'names': 'LGALS1', 'logfoldchanges': 3.390712261199951, 'pvals_adj': 0.18216832369491717}, {'names': 'ITGB2', 'logfoldchanges': 3.0599124431610107, 'pvals_adj': 0.28653466791495563}, {'names': 'LTB', 'logfoldchanges': 3.754646062850952, 'pvals_adj': 0.28653466791495563}, {'names': 'ITGAX', 'logfoldchanges': 3.460993528366089, 'pvals_adj': 0.28653466791495563}]"
190,Basal epithelial cells,niche,T cell aggregates,9,724,1.4243407199838745e-09,0.2857783047951785,"[{'names': 'CD74', 'logfoldchanges': -1.366908073425293, 'pvals_adj': 0.9327137859096192}, {'names': 'ADGRL4', 'logfoldchanges': 3.9260001182556152, 'pvals_adj': 0.9327137859096192}, {'names': 'CFD', 'logfoldchanges': 3.0788214206695557, 'pvals_adj': 0.9327137859096192}, {'names': 'PTGDR2', 'logfoldchanges': 3.1178226470947266, 'pvals_adj': 0.9327137859096192}, {'names': 'HLA.DRB5', 'logfoldchanges': 0.8332748413085938, 'pvals_adj': 0.9327137859096192}]"
191,Basal epithelial cells,niche,Desmoplastic stroma,6,727,5.09962690781128e-05,0.21970687788791937,"[{'names': 'COL1A1', 'logfoldchanges': 3.658647060394287, 'pvals_adj': 0.9435387784077758}, {'names': 'HLA.B', 'logfoldchanges': 1.1031322479248047, 'pvals_adj': 0.9435387784077758}, {'names': 'ANXA2', 'logfoldchanges': 1.2582082748413086, 'pvals_adj': 0.9435387784077758}, {'names': 'COL9A2', 'logfoldchanges': 3.0718562602996826, 'pvals_adj': 0.9435387784077758}, {'names': 'THBS1', 'logfoldchanges': 2.653535842895508, 'pvals_adj': 0.9435387784077758}]"
192,Basal epithelial cells,niche,Alveolar spaces,4,729,0.0019414977448982376,0.18882544470895946,"[{'names': 'PTGDS', 'logfoldchanges': 5.914793014526367, 'pvals_adj': 0.9631717814011316}, {'names': 'BGN', 'logfoldchanges': 4.705219268798828, 'pvals_adj': 0.9631717814011316}, {'names': 'MGP', 'logfoldchanges': 4.628415584564209, 'pvals_adj': 0.9631717814011316}, {'names': 'KRT8', 'logfoldchanges': 2.8504385948181152, 'pvals_adj': 0.9631717814011316}, {'names': 'HLA.B', 'logfoldchanges': 1.188753604888916, 'pvals_adj': 0.9631717814011316}]"
